"donnemartin/system-design-primer","https://github.com/donnemartin/system-design-primer","2017-02-26 16:15:28","4136","76618"
"vinta/awesome-python","https://github.com/vinta/awesome-python","2014-06-27 21:00:06","5050","75578"
"public-apis/public-apis","https://github.com/public-apis/public-apis","2016-03-20 23:49:42","1843","65122"
"TheAlgorithms/Python","https://github.com/TheAlgorithms/Python","2016-07-16 09:44:01","3142","61458"
"tensorflow/models","https://github.com/tensorflow/models","2016-02-05 01:15:20","2967","59451"
"ytdl-org/youtube-dl","https://github.com/ytdl-org/youtube-dl","2010-10-31 14:35:07","1819","57940"
"nvbn/thefuck","https://github.com/nvbn/thefuck","2015-04-08 15:08:04","813","50377"
"pallets/flask","https://github.com/pallets/flask","2010-04-06 11:11:59","2264","47565"
"keras-team/keras","https://github.com/keras-team/keras","2015-03-28 00:35:42","2076","45448"
"jakubroztocil/httpie","https://github.com/jakubroztocil/httpie","2012-02-25 12:39:13","1078","43781"
"josephmisiti/awesome-machine-learning","https://github.com/josephmisiti/awesome-machine-learning","2014-07-15 19:11:19","3296","42558"
"ansible/ansible","https://github.com/ansible/ansible","2012-03-06 14:58:02","2027","40407"
"scrapy/scrapy","https://github.com/scrapy/scrapy","2010-02-22 02:01:14","1843","35117"
"minimaxir/big-list-of-naughty-strings","https://github.com/minimaxir/big-list-of-naughty-strings","2015-08-08 20:57:20","790","33535"
"shadowsocks/shadowsocks","https://github.com/shadowsocks/shadowsocks","2012-04-20 13:10:49","2074","31877"
"ageitgey/face_recognition","https://github.com/ageitgey/face_recognition","2017-03-03 21:52:39","1420","29832"
"XX-net/XX-Net","https://github.com/XX-net/XX-Net","2015-01-15 09:35:51","1806","29100"
"home-assistant/home-assistant","https://github.com/home-assistant/home-assistant","2013-09-17 07:29:48","1108","28531"
"soimort/you-get","https://github.com/soimort/you-get","2012-08-20 15:53:36","1177","28095"
"python/cpython","https://github.com/python/cpython","2017-02-10 19:23:51","1109","27834"
"Avik-Jain/100-Days-Of-ML-Code","https://github.com/Avik-Jain/100-Days-Of-ML-Code","2018-07-05 09:11:43","2265","27046"
"certbot/certbot","https://github.com/certbot/certbot","2014-11-12 02:52:20","860","25904"
"floodsung/Deep-Learning-Papers-Reading-Roadmap","https://github.com/floodsung/Deep-Learning-Papers-Reading-Roadmap","2016-10-14 11:49:48","2149","24510"
"0voice/interview_internal_reference","https://github.com/0voice/interview_internal_reference","2019-06-10 06:54:19","1097","22520"
"pandas-dev/pandas","https://github.com/pandas-dev/pandas","2010-08-24 01:37:33","1041","22364"
"facebookresearch/Detectron","https://github.com/facebookresearch/Detectron","2017-10-05 17:32:00","989","22362"
"apachecn/AiLearning","https://github.com/apachecn/AiLearning","2017-02-25 08:53:02","1344","21427"
"localstack/localstack","https://github.com/localstack/localstack","2016-10-25 23:48:03","470","21258"
"fxsjy/jieba","https://github.com/fxsjy/jieba","2012-09-29 07:52:01","1282","20843"
"0xAX/linux-insides","https://github.com/0xAX/linux-insides","2015-01-03 18:44:57","1332","20415"
"faif/python-patterns","https://github.com/faif/python-patterns","2012-06-06 21:02:35","1574","22767"
"0voice/interview_internal_reference","https://github.com/0voice/interview_internal_reference","2019-06-10 06:54:19","1097","22520"
"pandas-dev/pandas","https://github.com/pandas-dev/pandas","2010-08-24 01:37:33","1041","22364"
"facebookresearch/Detectron","https://github.com/facebookresearch/Detectron","2017-10-05 17:32:00","989","22362"
"apachecn/AiLearning","https://github.com/apachecn/AiLearning","2017-02-25 08:53:02","1344","21427"
"localstack/localstack","https://github.com/localstack/localstack","2016-10-25 23:48:03","470","21259"
"fxsjy/jieba","https://github.com/fxsjy/jieba","2012-09-29 07:52:01","1282","20843"
"0xAX/linux-insides","https://github.com/0xAX/linux-insides","2015-01-03 18:44:57","1332","20415"
"ycm-core/YouCompleteMe","https://github.com/ycm-core/YouCompleteMe","2012-04-16 03:12:14","601","20112"
"google-research/bert","https://github.com/google-research/bert","2018-10-25 22:57:34","873","19657"
"littlecodersh/ItChat","https://github.com/littlecodersh/ItChat","2016-01-19 07:49:48","910","19102"
"pypa/pipenv","https://github.com/pypa/pipenv","2017-01-20 00:44:02","376","18875"
"openai/gym","https://github.com/openai/gym","2016-04-27 14:59:16","961","18843"
"donnemartin/interactive-coding-challenges","https://github.com/donnemartin/interactive-coding-challenges","2015-04-28 21:36:39","870","18560"
"tornadoweb/tornado","https://github.com/tornadoweb/tornado","2009-09-09 04:55:16","1075","18553"
"apache/incubator-mxnet","https://github.com/apache/incubator-mxnet","2015-04-30 16:21:15","1178","18041"
"docker/compose","https://github.com/docker/compose","2013-12-09 11:40:58","682","17884"
"chubin/cheat.sh","https://github.com/chubin/cheat.sh","2017-05-07 21:40:56","469","17736"
"donnemartin/data-science-ipython-notebooks","https://github.com/donnemartin/data-science-ipython-notebooks","2015-01-23 19:38:29","1533","17610"
"testerSunshine/12306","https://github.com/testerSunshine/12306","2017-05-17 12:23:40","568","17567"
"huggingface/transformers","https://github.com/huggingface/transformers","2018-10-29 13:56:00","422","17218"
"521xueweihan/HelloGitHub","https://github.com/521xueweihan/HelloGitHub","2016-05-04 06:24:11","1151","16856"
"mitmproxy/mitmproxy","https://github.com/mitmproxy/mitmproxy","2010-02-16 04:10:13","552","16821"
"keon/algorithms","https://github.com/keon/algorithms","2016-11-17 22:32:08","638","16309"
"satwikkansal/wtfpython","https://github.com/satwikkansal/wtfpython","2017-08-28 20:22:19","596","16225"
"trailofbits/algo","https://github.com/trailofbits/algo","2016-05-15 03:42:48","436","15884"
"encode/django-rest-framework","https://github.com/encode/django-rest-framework","2011-03-02 17:13:56","559","15843"
"odoo/odoo","https://github.com/odoo/odoo","2014-05-13 15:38:58","1538","15775"
"google/python-fire","https://github.com/google/python-fire","2017-02-21 21:35:07","372","15691"
"sqlmapproject/sqlmap","https://github.com/sqlmapproject/sqlmap","2012-06-26 09:52:15","905","15627"
"geekcomputers/Python","https://github.com/geekcomputers/Python","2011-11-30 09:04:08","1735","15613"
"drduh/macOS-Security-and-Privacy-Guide","https://github.com/drduh/macOS-Security-and-Privacy-Guide","2015-08-31 03:36:35","719","15315"
"reddit-archive/reddit","https://github.com/reddit-archive/reddit","2008-06-18 23:30:53","741","15171"
"explosion/spaCy","https://github.com/explosion/spaCy","2014-07-03 15:15:40","556","15092"
"HelloZeroNet/ZeroNet","https://github.com/HelloZeroNet/ZeroNet","2015-01-12 00:41:38","855","14912"
"3b1b/manim","https://github.com/3b1b/manim","2015-03-22 18:50:58","482","14877"
"d2l-ai/d2l-zh","https://github.com/d2l-ai/d2l-zh","2017-08-23 04:40:24","755","14810"
"matterport/Mask_RCNN","https://github.com/matterport/Mask_RCNN","2017-10-19 20:28:34","558","14792"
"apache/airflow","https://github.com/apache/airflow","2015-04-13 18:04:58","661","14616"
"nicolargo/glances","https://github.com/nicolargo/glances","2011-12-04 08:49:15","503","14467"
"fighting41love/funNLP","https://github.com/fighting41love/funNLP","2018-08-21 11:20:39","642","14458"
"tensorflow/magenta","https://github.com/tensorflow/magenta","2016-05-05 20:10:40","814","14254"
"yunjey/pytorch-tutorial","https://github.com/yunjey/pytorch-tutorial","2017-03-10 07:41:47","529","14125"
"StevenBlack/hosts","https://github.com/StevenBlack/hosts","2012-04-12 20:22:50","547","13992"
"wangshub/wechat_jump_game","https://github.com/wangshub/wechat_jump_game","2017-12-29 02:00:19","593","13924"
"ipython/ipython","https://github.com/ipython/ipython","2010-05-10 04:46:06","826","13887"
"celery/celery","https://github.com/celery/celery","2009-04-24 11:31:24","494","13839"
"binux/pyspider","https://github.com/binux/pyspider","2014-02-21 19:18:47","895","13828"
"eriklindernoren/ML-From-Scratch","https://github.com/eriklindernoren/ML-From-Scratch","2017-02-05 12:11:23","742","13751"
"machinelearningmindset/TensorFlow-Course","https://github.com/machinelearningmindset/TensorFlow-Course","2018-10-02 18:10:12","799","13712"
"psf/black","https://github.com/psf/black","2018-03-14 19:54:45","155","13522"
"huge-success/sanic","https://github.com/huge-success/sanic","2016-05-26 04:38:22","469","13087"
"cool-RR/PySnooper","https://github.com/cool-RR/PySnooper","2019-04-18 13:55:43","207","12879"
"sebastianruder/NLP-progress","https://github.com/sebastianruder/NLP-progress","2018-06-22 17:43:55","1059","12758"
"bitcoinbook/bitcoinbook","https://github.com/bitcoinbook/bitcoinbook","2013-08-11 23:18:28","984","12752"
"spotify/luigi","https://github.com/spotify/luigi","2012-09-20 15:06:38","510","12492"
"tqdm/tqdm","https://github.com/tqdm/tqdm","2015-06-03 13:13:14","168","12322"
"bokeh/bokeh","https://github.com/bokeh/bokeh","2012-03-26 15:40:01","458","12166"
"jwilder/nginx-proxy","https://github.com/jwilder/nginx-proxy","2014-05-05 17:01:40","289","11948"
"fabric/fabric","https://github.com/fabric/fabric","2009-05-01 01:14:24","522","11841"
"wangzheng0822/algo","https://github.com/wangzheng0822/algo","2018-09-24 05:33:46","570","10909"
"pytorch/examples","https://github.com/pytorch/examples","2016-08-24 03:12:48","366","10875"
"zhaoolee/ChromeAppHeroes","https://github.com/zhaoolee/ChromeAppHeroes","2019-02-07 06:35:24","350","10813"
"OWASP/CheatSheetSeries","https://github.com/OWASP/CheatSheetSeries","2018-12-21 14:26:43","365","10781"
"swisskyrepo/PayloadsAllTheThings","https://github.com/swisskyrepo/PayloadsAllTheThings","2016-10-18 07:29:07","691","10707"
"zulip/zulip","https://github.com/zulip/zulip","2015-09-25 16:37:25","360","10651"
"cookiecutter/cookiecutter","https://github.com/cookiecutter/cookiecutter","2013-07-14 18:31:22","230","10624"
"tonybeltramelli/pix2code","https://github.com/tonybeltramelli/pix2code","2017-05-24 05:51:41","1356","10556"
"psf/requests-html","https://github.com/psf/requests-html","2018-02-24 20:11:02","286","10430"
"saltstack/salt","https://github.com/saltstack/salt","2011-02-20 20:16:56","597","10418"
"wting/autojump","https://github.com/wting/autojump","2009-01-14 11:18:07","169","10395"
"matplotlib/matplotlib","https://github.com/matplotlib/matplotlib","2011-02-19 03:17:12","533","10386"
"apachecn/awesome-algorithm","https://github.com/apachecn/awesome-algorithm","2017-09-29 04:26:40","489","10349"
"mnielsen/neural-networks-and-deep-learning","https://github.com/mnielsen/neural-networks-and-deep-learning","2012-11-13 13:38:24","1002","10346"
"plotly/dash","https://github.com/plotly/dash","2015-04-10 01:53:08","373","10316"
"kivy/kivy","https://github.com/kivy/kivy","2010-11-03 20:27:32","576","10313"
"Kr1s77/awesome-python-login-model","https://github.com/Kr1s77/awesome-python-login-model","2019-01-20 10:43:13","331","10305"
"junyanz/pytorch-CycleGAN-and-pix2pix","https://github.com/junyanz/pytorch-CycleGAN-and-pix2pix","2017-04-18 10:33:05","292","10210"
"quantopian/zipline","https://github.com/quantopian/zipline","2012-10-19 15:50:29","912","10131"
"RaRe-Technologies/gensim","https://github.com/RaRe-Technologies/gensim","2011-02-10 07:43:04","460","10106"
"NVIDIA/FastPhotoStyle","https://github.com/NVIDIA/FastPhotoStyle","2018-02-14 17:29:52","291","9948"
"google/yapf","https://github.com/google/yapf","2015-03-18 18:22:31","208","9946"
"Miserlou/Zappa","https://github.com/Miserlou/Zappa","2016-01-20 21:57:04","276","9909"
"miloyip/game-programmer","https://github.com/miloyip/game-programmer","2016-12-06 06:26:17","719","9882"
"gto76/python-cheatsheet","https://github.com/gto76/python-cheatsheet","2018-01-25 04:16:53","401","9861"
"rsms/inter","https://github.com/rsms/inter","2017-08-22 07:14:17","165","9850"
"openai/gpt-2","https://github.com/openai/gpt-2","2019-02-11 04:21:59","462","9823"
"alexjc/neural-enhance","https://github.com/alexjc/neural-enhance","2016-10-01 13:01:50","365","9684"
"facebook/prophet","https://github.com/facebook/prophet","2016-11-16 01:50:08","382","9661"
"warner/magic-wormhole","https://github.com/warner/magic-wormhole","2015-02-10 08:38:44","202","9611"
"miloyip/game-programmer","https://github.com/miloyip/game-programmer","2016-12-06 06:26:17","719","9882"
"gto76/python-cheatsheet","https://github.com/gto76/python-cheatsheet","2018-01-25 04:16:53","401","9861"
"rsms/inter","https://github.com/rsms/inter","2017-08-22 07:14:17","165","9850"
"openai/gpt-2","https://github.com/openai/gpt-2","2019-02-11 04:21:59","462","9823"
"alexjc/neural-enhance","https://github.com/alexjc/neural-enhance","2016-10-01 13:01:50","365","9684"
"facebook/prophet","https://github.com/facebook/prophet","2016-11-16 01:50:08","382","9661"
"warner/magic-wormhole","https://github.com/warner/magic-wormhole","2015-02-10 08:38:44","202","9611"
"davidsandberg/facenet","https://github.com/davidsandberg/facenet","2016-02-12 22:14:40","571","9529"
"Jack-Cherish/python-spider","https://github.com/Jack-Cherish/python-spider","2017-05-05 07:28:13","491","9382"
"ray-project/ray","https://github.com/ray-project/ray","2016-10-25 19:38:30","334","9346"
"tflearn/tflearn","https://github.com/tflearn/tflearn","2016-03-31 12:05:53","491","9318"
"lra/mackup","https://github.com/lra/mackup","2013-04-06 19:22:54","158","9275"
"alexjc/neural-doodle","https://github.com/alexjc/neural-doodle","2016-03-05 23:35:18","326","9260"
"getpelican/pelican","https://github.com/getpelican/pelican","2010-10-16 18:57:40","363","9214"
"leisurelicht/wtfpython-cn","https://github.com/leisurelicht/wtfpython-cn","2018-11-10 09:37:58","454","9192"
"tensorflow/tensor2tensor","https://github.com/tensorflow/tensor2tensor","2017-06-15 16:57:39","444","9183"
"gunthercox/ChatterBot","https://github.com/gunthercox/ChatterBot","2014-09-28 14:49:00","526","9174"
"chiphuyen/stanford-tensorflow-tutorials","https://github.com/chiphuyen/stanford-tensorflow-tutorials","2016-11-05 18:21:51","636","9145"
"timgrossmann/InstaPy","https://github.com/timgrossmann/InstaPy","2016-09-26 20:36:26","404","9028"
"chubin/wttr.in","https://github.com/chubin/wttr.in","2015-12-26 21:03:43","181","9018"
"apenwarr/sshuttle","https://github.com/apenwarr/sshuttle","2010-05-02 06:50:16","354","8997"
"beetbox/beets","https://github.com/beetbox/beets","2010-08-09 23:17:20","450","8995"
"Theano/Theano","https://github.com/Theano/Theano","2011-08-10 03:48:06","590","8986"
"Rochester-NRT/RocAlphaGo","https://github.com/Rochester-NRT/RocAlphaGo","2016-02-01 00:40:29","957","8980"
"tzutalin/labelImg","https://github.com/tzutalin/labelImg","2015-09-17 01:33:59","330","8952"
"jupyter/jupyter","https://github.com/jupyter/jupyter","2015-06-04 21:05:00","584","8913"
"meolu/walle-web","https://github.com/meolu/walle-web","2015-09-11 05:18:44","520","8872"
"sivel/speedtest-cli","https://github.com/sivel/speedtest-cli","2012-09-10 19:17:53","302","8864"
"aws/aws-cli","https://github.com/aws/aws-cli","2012-11-20 16:07:36","574","8826"
"codelucas/newspaper","https://github.com/codelucas/newspaper","2013-11-25 09:50:50","349","8824"
"darknessomi/musicbox","https://github.com/darknessomi/musicbox","2014-08-05 03:28:24","287","7942"
"kovidgoyal/kitty","https://github.com/kovidgoyal/kitty","2016-10-16 14:48:28","145","7876"
"deezer/spleeter","https://github.com/deezer/spleeter","2019-09-26 15:40:46","175","7835"
"rushter/MLAlgorithms","https://github.com/rushter/MLAlgorithms","2016-10-05 06:46:45","426","7807"
"Eloston/ungoogled-chromium","https://github.com/Eloston/ungoogled-chromium","2015-06-12 22:24:24","220","7783"
"sherlock-project/sherlock","https://github.com/sherlock-project/sherlock","2018-12-24 14:30:48","170","7742"
"ShangtongZhang/reinforcement-learning-an-introduction","https://github.com/ShangtongZhang/reinforcement-learning-an-introduction","2016-09-13 16:24:05","516","7665"
"zalandoresearch/flair","https://github.com/zalandoresearch/flair","2018-06-11 11:04:18","198","7628"
"gleitz/howdoi","https://github.com/gleitz/howdoi","2012-11-22 08:49:24","240","7589"
"eliangcs/http-prompt","https://github.com/eliangcs/http-prompt","2016-04-06 07:24:35","179","7564"
"sovereign/sovereign","https://github.com/sovereign/sovereign","2013-08-19 22:09:16","242","7555"
"pjialin/py12306","https://github.com/pjialin/py12306","2019-01-07 18:04:11","225","7538"
"allenai/allennlp","https://github.com/allenai/allennlp","2017-05-15 15:52:41","284","7526"
"eeeeeeeeeeeeeeeeeeeeeeeeeeeeeeee/eeeeeeeeeeeeeeeeeeeeeeeeeeeeeeeeeeeeeeeeeeeeeeeeeeeeeeeeeeeeeeeeeeeeeeeeeeeeeeeeeeeeeeeeeeeeeeeeeeee","https://github.com/eeeeeeeeeeeeeeeeeeeeeeeeeeeeeeee/eeeeeeeeeeeeeeeeeeeeeeeeeeeeeeeeeeeeeeeeeeeeeeeeeeeeeeeeeeeeeeeeeeeeeeeeeeeeeeeeeeeeeeeeeeeeeeeeeeee","2018-11-08 04:09:47","108","7510"
"donnemartin/awesome-aws","https://github.com/donnemartin/awesome-aws","2015-10-12 12:02:47","420","7503"
"aleju/imgaug","https://github.com/aleju/imgaug","2015-07-10 20:31:33","197","7480"
"threat9/routersploit","https://github.com/threat9/routersploit","2016-03-30 11:43:12","501","7447"
"coursera-dl/coursera-dl","https://github.com/coursera-dl/coursera-dl","2012-03-21 21:07:15","337","7431"
"scrapinghub/portia","https://github.com/scrapinghub/portia","2014-03-21 14:24:31","489","7374"
"pyecharts/pyecharts","https://github.com/pyecharts/pyecharts","2017-06-22 02:50:25","298","7365"
"idank/explainshell","https://github.com/idank/explainshell","2013-08-30 11:20:11","185","7329"
"s0md3v/XSStrike","https://github.com/s0md3v/XSStrike","2017-06-26 07:24:44","229","7322"
"thumbor/thumbor","https://github.com/thumbor/thumbor","2011-03-16 17:30:05","207","7295"
"open-mmlab/mmdetection","https://github.com/open-mmlab/mmdetection","2018-08-22 07:06:06","259","7276"
"falconry/falcon","https://github.com/falconry/falcon","2012-12-06 18:17:51","293","7248"
"Unity-Technologies/ml-agents","https://github.com/Unity-Technologies/ml-agents","2017-09-08 21:09:04","488","7214"
"clips/pattern","https://github.com/clips/pattern","2011-05-03 15:29:01","567","7213"
"lauris/awesome-scala","https://github.com/lauris/awesome-scala","2014-07-08 08:13:52","674","7203"
"MorvanZhou/tutorials","https://github.com/MorvanZhou/tutorials","2016-05-29 13:29:44","597","7193"
"harelba/q","https://github.com/harelba/q","2012-01-30 21:12:09","175","7189"
"divio/django-cms","https://github.com/divio/django-cms","2009-03-05 10:14:18","416","7120"
"hindupuravinash/the-gan-zoo","https://github.com/hindupuravinash/the-gan-zoo","2017-04-14 16:45:24","487","7115"
"RasaHQ/rasa","https://github.com/RasaHQ/rasa","2016-10-14 12:27:49","295","7055"
"coleifer/peewee","https://github.com/coleifer/peewee","2010-10-11 20:14:11","200","7013"
"NVIDIA/vid2vid","https://github.com/NVIDIA/vid2vid","2018-08-14 23:27:15","252","6991"
"samshadwell/TrumpScript","https://github.com/samshadwell/TrumpScript","2016-01-16 05:23:07","147","6980"
"sdispater/poetry","https://github.com/sdispater/poetry","2018-02-28 15:23:47","100","6967"
"facebookresearch/maskrcnn-benchmark","https://github.com/facebookresearch/maskrcnn-benchmark","2018-10-24 17:34:50","187","6889"
"zalandoresearch/fashion-mnist","https://github.com/zalandoresearch/fashion-mnist","2017-08-25 12:05:15","265","6843"
"python-pillow/Pillow","https://github.com/python-pillow/Pillow","2012-07-24 21:38:39","216","6801"
"dbader/schedule","https://github.com/dbader/schedule","2013-05-19 12:51:20","202","6744"
"facebookresearch/visdom","https://github.com/facebookresearch/visdom","2017-01-25 17:59:45","176","6712"
"spinnaker/spinnaker","https://github.com/spinnaker/spinnaker","2014-07-02 19:02:36","374","6673"
"donnemartin/gitsome","https://github.com/donnemartin/gitsome","2016-04-23 03:08:21","130","6671"
"sloria/TextBlob","https://github.com/sloria/TextBlob","2013-06-30 18:29:18","278","6666"
"pallets/jinja","https://github.com/pallets/jinja","2010-10-17 13:41:17","256","6632"
"apprenticeharper/DeDRM_tools","https://github.com/apprenticeharper/DeDRM_tools","2015-03-09 17:21:32","372","6630"
"sylnsfar/qrcode","https://github.com/sylnsfar/qrcode","2016-08-25 12:51:42","260","6610"
"mwaskom/seaborn","https://github.com/mwaskom/seaborn","2012-06-18 18:41:19","240","6585"
"sfyc23/EverydayWechat","https://github.com/sfyc23/EverydayWechat","2019-03-11 17:38:45","143","6540"
"freeCodeCamp/freeCodeCamp","https://github.com/freeCodeCamp/freeCodeCamp","2014-12-24 17:49:19","8337","306285"
"twbs/bootstrap","https://github.com/twbs/bootstrap","2011-07-29 21:19:00","7216","136912"
"axios/axios","https://github.com/axios/axios","2014-08-18 22:30:27","1153","66658"
"nodejs/node","https://github.com/nodejs/node","2014-11-26 19:57:11","2925","65784"
"FortAwesome/Font-Awesome","https://github.com/FortAwesome/Font-Awesome","2012-02-17 14:19:43","1411","61431"
"angular/angular.js","https://github.com/angular/angular.js","2010-01-06 00:34:37","4137","59616"
"mrdoob/three.js","https://github.com/mrdoob/three.js","2010-03-23 18:58:01","2471","56464"
"trekhleb/javascript-algorithms","https://github.com/trekhleb/javascript-algorithms","2018-03-24 07:47:04","2253","56311"
"GoogleChrome/puppeteer","https://github.com/GoogleChrome/puppeteer","2017-05-09 22:16:13","1207","55963"
"30-seconds/30-seconds-of-code","https://github.com/30-seconds/30-seconds-of-code","2017-11-29 17:35:03","1751","51957"
"webpack/webpack","https://github.com/webpack/webpack","2012-03-10 10:08:14","1611","51874"
"atom/atom","https://github.com/atom/atom","2012-01-20 18:18:21","2463","50432"
"socketio/socket.io","https://github.com/socketio/socket.io","2010-03-11 18:24:48","1669","48052"
"Semantic-Org/Semantic-UI","https://github.com/Semantic-Org/Semantic-UI","2013-04-08 23:32:04","1429","46818"
"expressjs/express","https://github.com/expressjs/express","2009-06-26 18:56:01","1816","46204"
"chartjs/Chart.js","https://github.com/chartjs/Chart.js","2013-03-17 23:56:36","1459","46115"
"typicode/json-server","https://github.com/typicode/json-server","2013-11-27 13:21:13","971","43883"
"h5bp/html5-boilerplate","https://github.com/h5bp/html5-boilerplate","2010-01-24 18:03:24","2624","43644"
"moment/moment","https://github.com/moment/moment","2011-03-01 02:46:06","956","42792"
"resume/resume.github.com","https://github.com/resume/resume.github.com","2011-02-06 13:39:55","334","42640"
"zeit/next.js","https://github.com/zeit/next.js","2016-10-05 23:32:51","809","42505"
"lodash/lodash","https://github.com/lodash/lodash","2012-04-07 04:11:46","857","42378"
"meteor/meteor","https://github.com/meteor/meteor","2012-01-19 01:58:17","1795","41425"
"apache/incubator-echarts","https://github.com/apache/incubator-echarts","2013-04-03 03:18:59","1967","37857"
"Dogfalo/materialize","https://github.com/Dogfalo/materialize","2014-09-12 19:35:38","1122","36759"
"yangshun/tech-interview-handbook","https://github.com/yangshun/tech-interview-handbook","2016-07-05 05:00:48","1442","36615"
"NARKOZ/hacker-scripts","https://github.com/NARKOZ/hacker-scripts","2015-11-21 19:05:09","2188","36504"
"goldbergyoni/nodebestpractices","https://github.com/goldbergyoni/nodebestpractices","2017-09-15 08:33:19","1141","36079"
"impress/impress.js","https://github.com/impress/impress.js","2011-12-28 22:23:19","1327","35338"
"babel/babel","https://github.com/babel/babel","2014-09-28 13:38:23","880","35057"
"awesome-selfhosted/awesome-selfhosted","https://github.com/awesome-selfhosted/awesome-selfhosted","2015-06-01 02:33:17","1469","38038"
"apache/incubator-echarts","https://github.com/apache/incubator-echarts","2013-04-03 03:18:59","1967","37857"
"yarnpkg/yarn","https://github.com/yarnpkg/yarn","2016-01-19 17:39:16","617","37310"
"thedaviddias/Front-End-Checklist","https://github.com/thedaviddias/Front-End-Checklist","2017-10-16 10:12:36","1087","36761"
"Dogfalo/materialize","https://github.com/Dogfalo/materialize","2014-09-12 19:35:38","1122","36759"
"NARKOZ/hacker-scripts","https://github.com/NARKOZ/hacker-scripts","2015-11-21 19:05:09","2188","36504"
"goldbergyoni/nodebestpractices","https://github.com/goldbergyoni/nodebestpractices","2017-09-15 08:33:19","1141","36079"
"impress/impress.js","https://github.com/impress/impress.js","2011-12-28 22:23:19","1327","35338"
"babel/babel","https://github.com/babel/babel","2014-09-28 13:38:23","880","35057"
"parcel-bundler/parcel","https://github.com/parcel-bundler/parcel","2017-08-07 16:36:47","475","33786"
"juliangarnier/anime","https://github.com/juliangarnier/anime","2016-03-13 21:37:45","700","33081"
"serverless/serverless","https://github.com/serverless/serverless","2015-04-21 03:48:40","1003","32839"
"ColorlibHQ/AdminLTE","https://github.com/ColorlibHQ/AdminLTE","2013-12-25 02:52:40","2065","32005"
"zeit/hyper","https://github.com/zeit/hyper","2016-07-01 06:01:21","495","31861"
"TryGhost/Ghost","https://github.com/TryGhost/Ghost","2013-05-04 11:09:13","1147","31768"
"gulpjs/gulp","https://github.com/gulpjs/gulp","2013-07-04 05:26:06","1161","31542"
"Unitech/pm2","https://github.com/Unitech/pm2","2013-05-21 03:25:25","705","30957"
"leonardomso/33-js-concepts","https://github.com/leonardomso/33-js-concepts","2018-09-04 13:27:04","1021","30308"
"sahat/hackathon-starter","https://github.com/sahat/hackathon-starter","2013-11-13 17:24:12","837","28990"
"immutable-js/immutable-js","https://github.com/immutable-js/immutable-js","2014-07-02 06:02:29","586","28727"
"hexojs/hexo","https://github.com/hexojs/hexo","2012-09-23 15:17:08","850","28691"
"mozilla/pdf.js","https://github.com/mozilla/pdf.js","2011-04-26 06:32:03","1032","28660"
"alvarotrigo/fullPage.js","https://github.com/alvarotrigo/fullPage.js","2013-09-20 11:58:29","905","28613"
"slatedocs/slate","https://github.com/slatedocs/slate","2013-09-13 22:15:24","509","28397"
"facebook/jest","https://github.com/facebook/jest","2013-12-10 00:18:04","506","28375"
"koajs/koa","https://github.com/koajs/koa","2013-07-20 18:53:45","873","27820"
"pixijs/pixi.js","https://github.com/pixijs/pixi.js","2013-01-21 22:40:50","1056","27768"
"jashkenas/backbone","https://github.com/jashkenas/backbone","2010-09-30 19:41:28","1446","27566"
"zenorocha/clipboard.js","https://github.com/zenorocha/clipboard.js","2015-09-18 23:04:55","442","27490"
"apache/incubator-superset","https://github.com/apache/incubator-superset","2015-07-21 18:55:34","1231","26863"
"request/request","https://github.com/request/request","2011-01-23 01:25:14","451","23677"
"nuxt/nuxt.js","https://github.com/nuxt/nuxt.js","2016-10-26 11:18:47","598","23579"
"vuejs/vue-cli","https://github.com/vuejs/vue-cli","2015-12-26 23:11:20","640","23431"
"NervJS/taro","https://github.com/NervJS/taro","2018-04-08 09:32:26","649","22707"
"azl397985856/leetcode","https://github.com/azl397985856/leetcode","2018-03-30 09:13:51","867","22626"
"carbon-app/carbon","https://github.com/carbon-app/carbon","2017-06-16 02:50:28","239","22193"
"vuejs/vuex","https://github.com/vuejs/vuex","2015-07-16 04:21:26","803","22150"
"postcss/postcss","https://github.com/postcss/postcss","2013-09-24 23:06:48","552","21801"
"nolimits4web/swiper","https://github.com/nolimits4web/swiper","2012-03-14 19:11:45","733","21780"
"Marak/faker.js","https://github.com/Marak/faker.js","2010-05-15 00:53:07","319","21382"
"transloadit/uppy","https://github.com/transloadit/uppy","2015-11-16 12:32:33","351","21373"
"jiahaog/nativefier","https://github.com/jiahaog/nativefier","2015-07-05 05:56:42","414","21257"
"balderdashy/sails","https://github.com/balderdashy/sails","2012-03-18 19:46:15","738","20998"
"chinese-poetry/chinese-poetry","https://github.com/chinese-poetry/chinese-poetry","2016-09-02 03:32:25","771","20881"
"markedjs/marked","https://github.com/markedjs/marked","2011-07-24 13:15:51","397","20863"
"mobxjs/mobx","https://github.com/mobxjs/mobx","2015-03-14 14:31:38","394","20859"
"VincentGarreau/particles.js","https://github.com/VincentGarreau/particles.js","2014-09-06 14:29:47","550","20410"
"sequelize/sequelize","https://github.com/sequelize/sequelize","2010-07-22 07:11:11","447","20382"
"sentsin/layui","https://github.com/sentsin/layui","2015-09-22 08:12:03","992","20249"
"elsewhencode/project-guidelines","https://github.com/elsewhencode/project-guidelines","2017-06-30 10:17:55","533","20088"
"lerna/lerna","https://github.com/lerna/lerna","2015-12-04 09:36:55","213","19951"
"rstacruz/nprogress","https://github.com/rstacruz/nprogress","2013-08-20 13:58:02","441","19921"
"Automattic/mongoose","https://github.com/Automattic/mongoose","2010-04-06 21:39:05","551","19770"
"Reactive-Extensions/RxJS","https://github.com/Reactive-Extensions/RxJS","2012-01-07 00:31:41","596","19738"
"kriasoft/react-starter-kit","https://github.com/kriasoft/react-starter-kit","2014-04-16 13:08:18","589","19656"
"bevacqua/dragula","https://github.com/bevacqua/dragula","2015-04-13 21:35:38","399","19407"
"remy/nodemon","https://github.com/remy/nodemon","2010-10-03 12:50:52","259","19364"
"dimsemenov/PhotoSwipe","https://github.com/dimsemenov/PhotoSwipe","2011-04-07 05:46:29","608","19355"
"redux-saga/redux-saga","https://github.com/redux-saga/redux-saga","2015-11-29 16:58:12","306","19333"
"codemirror/CodeMirror","https://github.com/codemirror/CodeMirror","2011-01-14 13:44:03","670","18953"
"verekia/js-stack-from-scratch","https://github.com/verekia/js-stack-from-scratch","2016-10-02 13:31:23","601","18160"
"naptha/tesseract.js","https://github.com/naptha/tesseract.js","2015-06-24 02:49:52","440","17980"
"MrRio/jsPDF","https://github.com/MrRio/jsPDF","2009-12-06 14:56:32","495","17979"
"paularmstrong/normalizr","https://github.com/paularmstrong/normalizr","2014-08-20 08:41:38","212","17969"
"microsoft/monaco-editor","https://github.com/microsoft/monaco-editor","2016-06-07 16:56:31","486","17857"
"ramda/ramda","https://github.com/ramda/ramda","2013-06-21 20:32:35","297","17536"
"chenglou/react-motion","https://github.com/chenglou/react-motion","2015-06-11 07:38:23","289","17528"
"react-native-elements/react-native-elements","https://github.com/react-native-elements/react-native-elements","2016-09-08 14:21:41","390","17526"
"bvaughn/react-virtualized","https://github.com/bvaughn/react-virtualized","2015-11-03 00:48:07","246","17380"
"avajs/ava","https://github.com/avajs/ava","2014-11-18 17:20:26","246","17064"
"atlassian/react-beautiful-dnd","https://github.com/atlassian/react-beautiful-dnd","2017-08-09 03:37:15","231","17042"
"jorgebucaran/hyperapp","https://github.com/jorgebucaran/hyperapp","2017-01-20 05:20:21","377","17030"
"rollup/rollup","https://github.com/rollup/rollup","2015-05-14 22:26:28","273","16995"
"parse-community/parse-server","https://github.com/parse-community/parse-server","2016-01-28 18:29:14","655","16911"
"bilibili/flv.js","https://github.com/bilibili/flv.js","2016-05-12 08:34:31","610","16630"
"typicode/husky","https://github.com/typicode/husky","2014-06-23 12:14:21","124","16583"
"tj/commander.js","https://github.com/tj/commander.js","2011-08-14 21:33:58","247","16544"
"defunkt/jquery-pjax","https://github.com/defunkt/jquery-pjax","2011-02-26 02:44:18","595","16542"
"angular/material","https://github.com/angular/material","2014-07-01 19:20:06","812","16525"
"swagger-api/swagger-ui","https://github.com/swagger-api/swagger-ui","2011-07-15 22:56:39","671","16481"
"julianshapiro/velocity","https://github.com/julianshapiro/velocity","2014-04-09 20:02:38","434","16344"
"less/less.js","https://github.com/less/less.js","2010-02-20 17:25:38","714","16202"
"localForage/localForage","https://github.com/localForage/localForage","2013-10-31 00:10:06","319","16164"
"balena-io/etcher","https://github.com/balena-io/etcher","2015-10-27 16:53:23","368","16161"
"viatsko/awesome-vscode","https://github.com/viatsko/awesome-vscode","2016-02-07 23:02:45","491","16047"
"cypress-io/cypress","https://github.com/cypress-io/cypress","2015-03-04 00:46:28","308","15949"
"twitter/typeahead.js","https://github.com/twitter/typeahead.js","2013-02-19 19:45:01","596","15906"
"BoostIO/Boostnote","https://github.com/BoostIO/Boostnote","2016-03-06 17:06:07","364","15901"
"Advanced-Frontend/Daily-Interview-Question","https://github.com/Advanced-Frontend/Daily-Interview-Question","2019-01-19 10:49:00","863","15765"
"sampotts/plyr","https://github.com/sampotts/plyr","2015-02-14 11:33:07","394","15595"
"pcottle/learnGitBranching","https://github.com/pcottle/learnGitBranching","2012-08-13 22:36:09","445","13993"
"riot/riot","https://github.com/riot/riot","2013-09-27 05:21:01","438","13963"
"immerjs/immer","https://github.com/immerjs/immer","2017-12-29 12:25:47","156","13952"
"facebook/prepack","https://github.com/facebook/prepack","2015-10-28 23:25:08","287","13891"
"jgraph/drawio","https://github.com/jgraph/drawio","2016-09-06 12:59:15","431","13836"
"facebook/relay","https://github.com/facebook/relay","2015-08-10 22:09:16","404","13803"
"hapijs/joi","https://github.com/hapijs/joi","2012-09-16 16:38:06","200","13661"
"Shopify/draggable","https://github.com/Shopify/draggable","2017-09-27 15:31:23","370","13649"
"reduxjs/redux-thunk","https://github.com/reduxjs/redux-thunk","2015-07-13 13:33:08","178","13542"
"material-components/material-components-web","https://github.com/material-components/material-components-web","2016-12-05 16:04:09","433","13479"
"FormidableLabs/webpack-dashboard","https://github.com/FormidableLabs/webpack-dashboard","2016-08-14 17:44:33","200","13468"
"adam-golab/react-developer-roadmap","https://github.com/adam-golab/react-developer-roadmap","2018-06-16 13:40:50","513","13383"
"angular/angular-seed","https://github.com/angular/angular-seed","2010-12-24 06:07:50","749","13372"
"amazeui/amazeui","https://github.com/amazeui/amazeui","2014-08-04 14:23:37","878","13334"
"nuysoft/Mock","https://github.com/nuysoft/Mock","2013-04-26 08:06:57","409","13309"
"bannedbook/fanqiang","https://github.com/bannedbook/fanqiang","2015-01-14 00:34:25","931","13249"
"ampproject/amphtml","https://github.com/ampproject/amphtml","2015-09-01 22:10:53","703","13247"
"svg/svgo","https://github.com/svg/svgo","2012-08-22 10:41:43","252","13214"
"yaronn/blessed-contrib","https://github.com/yaronn/blessed-contrib","2015-01-14 14:18:07","358","13206"
"jsdom/jsdom","https://github.com/jsdom/jsdom","2010-01-19 06:55:19","260","13166"
"FezVrasta/popper.js","https://github.com/FezVrasta/popper.js","2016-03-29 17:00:47","239","13143"
"geeeeeeeeek/electronic-wechat","https://github.com/geeeeeeeeek/electronic-wechat","2016-02-18 09:09:53","606","13065"
"frappe/charts","https://github.com/frappe/charts","2017-10-26 10:13:21","241","13059"
"GeekyAnts/NativeBase","https://github.com/GeekyAnts/NativeBase","2016-04-15 11:37:23","265","12983"
"websockets/ws","https://github.com/websockets/ws","2011-11-09 22:32:45","370","12823"
"substack/stream-handbook","https://github.com/substack/stream-handbook","2012-08-26 07:24:04","436","12741"
"quasarframework/quasar","https://github.com/quasarframework/quasar","2015-10-05 15:45:36","453","12710"
"marcuswestin/store.js","https://github.com/marcuswestin/store.js","2010-06-27 20:29:33","373","12708"
"Binaryify/NeteaseCloudMusicApi","https://github.com/Binaryify/NeteaseCloudMusicApi","2016-06-22 11:58:03","261","12682"
"ccxt/ccxt","https://github.com/ccxt/ccxt","2017-05-14 15:41:56","735","12642"
"nosir/cleave.js","https://github.com/nosir/cleave.js","2016-05-18 12:45:03","199","14998"
"wycats/handlebars.js","https://github.com/wycats/handlebars.js","2010-07-31 18:54:46","462","14913"
"zeit/pkg","https://github.com/zeit/pkg","2016-08-08 19:41:59","251","14784"
"kriskowal/q","https://github.com/kriskowal/q","2010-09-04 01:21:12","442","14754"
"ruanyf/react-demos","https://github.com/ruanyf/react-demos","2015-03-23 10:50:07","1119","14752"
"mysqljs/mysql","https://github.com/mysqljs/mysql","2010-07-29 14:58:13","502","14751"
"angular-ui/bootstrap","https://github.com/angular-ui/bootstrap","2012-10-05 18:27:01","811","14693"
"visionmedia/superagent","https://github.com/visionmedia/superagent","2011-04-13 02:29:45","238","14658"
"enyo/dropzone","https://github.com/enyo/dropzone","2012-02-12 16:19:18","423","14620"
"statsd/statsd","https://github.com/statsd/statsd","2010-12-30 00:09:50","475","14536"
"agalwood/Motrix","https://github.com/agalwood/Motrix","2018-12-18 11:45:05","250","14493"
"validatorjs/validator.js","https://github.com/validatorjs/validator.js","2010-10-06 06:58:48","234","14453"
"winstonjs/winston","https://github.com/winstonjs/winston","2010-12-29 18:49:51","227","14399"
"chaozh/awesome-blockchain-cn","https://github.com/chaozh/awesome-blockchain-cn","2017-03-12 06:02:46","994","14388"
"getredash/redash","https://github.com/getredash/redash","2013-10-28 13:19:39","548","14298"
"fabricjs/fabric.js","https://github.com/fabricjs/fabric.js","2010-06-09 22:24:38","464","14289"
"acdlite/recompose","https://github.com/acdlite/recompose","2015-10-07 05:54:51","203","14265"
"eggjs/egg","https://github.com/eggjs/egg","2016-06-18 06:53:23","475","14238"
"dvajs/dva","https://github.com/dvajs/dva","2016-06-24 09:06:16","462","14102"
"infernojs/inferno","https://github.com/infernojs/inferno","2015-02-01 22:07:38","319","14058"
"yabwe/medium-editor","https://github.com/yabwe/medium-editor","2013-05-29 17:40:11","380","14035"
"pcottle/learnGitBranching","https://github.com/pcottle/learnGitBranching","2012-08-13 22:36:09","445","13993"
"riot/riot","https://github.com/riot/riot","2013-09-27 05:21:01","438","13964"
"immerjs/immer","https://github.com/immerjs/immer","2017-12-29 12:25:47","156","13954"
"facebook/prepack","https://github.com/facebook/prepack","2015-10-28 23:25:08","287","13890"
"jgraph/drawio","https://github.com/jgraph/drawio","2016-09-06 12:59:15","431","13850"
"fbsamples/f8app","https://github.com/fbsamples/f8app","2016-03-10 21:45:12","484","13690"
"hapijs/joi","https://github.com/hapijs/joi","2012-09-16 16:38:06","200","13660"
"Shopify/draggable","https://github.com/Shopify/draggable","2017-09-27 15:31:23","370","13649"
"reduxjs/redux-thunk","https://github.com/reduxjs/redux-thunk","2015-07-13 13:33:08","178","13541"
"react-spring/react-spring","https://github.com/react-spring/react-spring","2018-03-07 15:39:32","180","15046"
"denysdovhan/wtfjs","https://github.com/denysdovhan/wtfjs","2017-07-14 15:42:12","437","15006"
"framework7io/framework7","https://github.com/framework7io/framework7","2014-02-23 12:15:53","726","14927"
"wycats/handlebars.js","https://github.com/wycats/handlebars.js","2010-07-31 18:54:46","462","14913"
"zeit/pkg","https://github.com/zeit/pkg","2016-08-08 19:41:59","251","14785"
"kriskowal/q","https://github.com/kriskowal/q","2010-09-04 01:21:12","442","14754"
"mysqljs/mysql","https://github.com/mysqljs/mysql","2010-07-29 14:58:13","502","14752"
"ruanyf/react-demos","https://github.com/ruanyf/react-demos","2015-03-23 10:50:07","1119","14752"
"angular-ui/bootstrap","https://github.com/angular-ui/bootstrap","2012-10-05 18:27:01","811","14693"
"visionmedia/superagent","https://github.com/visionmedia/superagent","2011-04-13 02:29:45","238","14658"
"enyo/dropzone","https://github.com/enyo/dropzone","2012-02-12 16:19:18","423","14620"
"jasmine/jasmine","https://github.com/jasmine/jasmine","2008-12-02 23:46:37","494","14607"
"statsd/statsd","https://github.com/statsd/statsd","2010-12-30 00:09:50","475","14536"
"agalwood/Motrix","https://github.com/agalwood/Motrix","2018-12-18 11:45:05","250","14497"
"validatorjs/validator.js","https://github.com/validatorjs/validator.js","2010-10-06 06:58:48","234","14453"
"winstonjs/winston","https://github.com/winstonjs/winston","2010-12-29 18:49:51","227","14401"
"getredash/redash","https://github.com/getredash/redash","2013-10-28 13:19:39","548","14298"
"fabricjs/fabric.js","https://github.com/fabricjs/fabric.js","2010-06-09 22:24:38","464","14292"
"acdlite/recompose","https://github.com/acdlite/recompose","2015-10-07 05:54:51","203","14265"
"facebook/docusaurus","https://github.com/facebook/docusaurus","2017-06-20 16:13:53","205","14241"
"torvalds/linux","https://github.com/torvalds/linux","2011-09-04 22:48:12","6849","82884"
"netdata/netdata","https://github.com/netdata/netdata","2013-06-17 18:39:10","1357","42497"
"antirez/redis","https://github.com/antirez/redis","2009-03-21 22:32:25","2755","39734"
"git/git","https://github.com/git/git","2008-07-23 14:21:26","2164","30273"
"php/php-src","https://github.com/php/php-src","2011-06-16 01:52:25","1527","25565"
"bilibili/ijkplayer","https://github.com/bilibili/ijkplayer","2013-06-03 04:12:04","1206","25105"
"wg/wrk","https://github.com/wg/wrk","2012-03-20 11:12:28","722","22497"
"Genymobile/scrcpy","https://github.com/Genymobile/scrcpy","2017-11-21 18:00:27","538","21429"
"ggreer/the_silver_searcher","https://github.com/ggreer/the_silver_searcher","2011-11-19 19:50:47","434","19034"
"SamyPesse/How-to-Make-a-Computer-Operating-System","https://github.com/SamyPesse/How-to-Make-a-Computer-Operating-System","2013-11-29 17:36:32","1683","18416"
"julycoding/The-Art-Of-Programming-By-July","https://github.com/julycoding/The-Art-Of-Programming-By-July","2013-12-14 10:00:06","1898","18326"
"FFmpeg/FFmpeg","https://github.com/FFmpeg/FFmpeg","2011-04-14 14:12:38","1146","17320"
"cfenollosa/os-tutorial","https://github.com/cfenollosa/os-tutorial","2014-09-29 08:39:34","801","16626"
"stedolan/jq","https://github.com/stedolan/jq","2012-07-18 19:57:25","300","15689"
"tmux/tmux","https://github.com/tmux/tmux","2015-06-03 23:32:55","433","15655"
"curl/curl","https://github.com/curl/curl","2010-03-18 22:32:22","668","15497"
"pjreddie/darknet","https://github.com/pjreddie/darknet","2014-04-11 07:59:16","853","15401"
"obsproject/obs-studio","https://github.com/obsproject/obs-studio","2013-10-01 02:40:31","1186","15301"
"QSCTech/zju-icicles","https://github.com/QSCTech/zju-icicles","2016-06-28 16:17:32","815","14625"
"libuv/libuv","https://github.com/libuv/libuv","2013-11-30 00:29:56","717","13879"
"Awesome-HarmonyOS/HarmonyOS","https://github.com/Awesome-HarmonyOS/HarmonyOS","2019-08-09 11:24:00","754","13262"
"vurtun/nuklear","https://github.com/vurtun/nuklear","2015-03-25 13:32:06","582","13163"
"commaai/openpilot","https://github.com/commaai/openpilot","2016-11-24 01:33:30","868","12761"
"numpy/numpy","https://github.com/numpy/numpy","2010-09-13 23:02:39","474","12286"
"openssl/openssl","https://github.com/openssl/openssl","2013-01-15 22:34:48","866","11732"
"radareorg/radare2","https://github.com/radareorg/radare2","2012-07-03 07:42:26","455","11422"
"robertdavidgraham/masscan","https://github.com/robertdavidgraham/masscan","2013-07-28 05:35:33","600","11163"
"nothings/stb","https://github.com/nothings/stb","2014-05-25 16:51:23","574","11158"
"facebook/zstd","https://github.com/facebook/zstd","2015-01-24 00:22:38","392","11128"
"mpv-player/mpv","https://github.com/mpv-player/mpv","2012-10-13 08:08:44","446","10838"
"taosdata/TDengine","https://github.com/taosdata/TDengine","2019-07-11 08:33:48","575","10458"
"esp8266/Arduino","https://github.com/esp8266/Arduino","2015-03-27 05:22:06","900","10345"
"allinurl/goaccess","https://github.com/allinurl/goaccess","2013-07-14 03:42:08","271","10184"
"nginx/nginx","https://github.com/nginx/nginx","2015-06-23 10:26:27","883","10041"
"micropython/micropython","https://github.com/micropython/micropython","2013-12-20 11:47:07","748","9511"
"memcached/memcached","https://github.com/memcached/memcached","2009-04-24 23:34:25","737","9500"
"twitter/twemproxy","https://github.com/twitter/twemproxy","2012-02-22 16:53:58","851","9448"
"alibaba/tengine","https://github.com/alibaba/tengine","2012-03-21 06:34:37","914","9304"
"pbatard/rufus","https://github.com/pbatard/rufus","2011-11-19 19:12:05","400","9267"
"andlabs/libui","https://github.com/andlabs/libui","2015-04-17 00:35:54","336","9054"
"h2o/h2o","https://github.com/h2o/h2o","2014-08-16 23:59:03","427","8760"
"gentilkiwi/mimikatz","https://github.com/gentilkiwi/mimikatz","2014-04-06 18:30:02","810","8629"
"arut/nginx-rtmp-module","https://github.com/arut/nginx-rtmp-module","2012-03-14 05:37:38","658","8614"
"irungentoo/toxcore","https://github.com/irungentoo/toxcore","2013-06-24 00:12:13","605","8592"
"cloudwu/skynet","https://github.com/cloudwu/skynet","2012-08-01 03:30:42","1280","8447"
"torch/torch7","https://github.com/torch/torch7","2013-10-18 12:13:58","664","8437"
"jonas/tig","https://github.com/jonas/tig","2009-03-01 20:39:25","179","8387"
"octalmage/robotjs","https://github.com/octalmage/robotjs","2014-08-31 14:13:47","220","8369"
"google/brotli","https://github.com/google/brotli","2014-10-09 14:35:14","340","7959"
"Tencent/wcdb","https://github.com/Tencent/wcdb","2017-05-11 09:25:03","281","7927"
"phpredis/phpredis","https://github.com/phpredis/phpredis","2011-03-15 14:40:14","507","7894"
"openresty/lua-nginx-module","https://github.com/openresty/lua-nginx-module","2010-04-16 15:59:01","608","7888"
"timescale/timescaledb","https://github.com/timescale/timescaledb","2017-03-07 20:03:41","288","7797"
"jedisct1/libsodium","https://github.com/jedisct1/libsodium","2013-01-20 00:03:40","385","7770"
"openresty/openresty","https://github.com/openresty/openresty","2010-01-20 03:57:59","559","7720"
"squeaky-pl/japronto","https://github.com/squeaky-pl/japronto","2016-10-26 19:51:32","388","7692"
"fogleman/Craft","https://github.com/fogleman/Craft","2013-04-09 19:47:38","366","7507"
"antirez/disque","https://github.com/antirez/disque","2015-04-27 16:06:09","448","7482"
"apple/darwin-xnu","https://github.com/apple/darwin-xnu","2017-06-02 21:33:51","543","7471"
"haiwen/seafile","https://github.com/haiwen/seafile","2012-07-12 06:47:55","469","7251"
"libgit2/libgit2","https://github.com/libgit2/libgit2","2010-09-10 16:17:48","415","7214"
"skywind3000/kcp","https://github.com/skywind3000/kcp","2014-12-26 16:46:34","554","7202"
"reactos/reactos","https://github.com/reactos/reactos","2017-10-03 08:04:52","314","7016"
"s-matyukevich/raspberry-pi-os","https://github.com/s-matyukevich/raspberry-pi-os","2017-06-22 16:09:36","387","6894"
"hashcat/hashcat","https://github.com/hashcat/hashcat","2015-12-04 14:46:51","364","6872"
"swaywm/sway","https://github.com/swaywm/sway","2015-08-05 01:31:45","253","6744"
"jarun/nnn","https://github.com/jarun/nnn","2016-08-20 14:10:14","94","6576"
"liuliu/ccv","https://github.com/liuliu/ccv","2010-09-15 15:59:47","370","6571"
"vk-com/kphp-kdb","https://github.com/vk-com/kphp-kdb","2014-02-18 17:19:33","4706","6461"
"Tencent/matrix","https://github.com/Tencent/matrix","2018-12-11 07:08:02","186","6388"
"googlecreativelab/anypixel","https://github.com/googlecreativelab/anypixel","2016-06-02 13:36:47","232","6327"
"SoftEtherVPN/SoftEtherVPN","https://github.com/SoftEtherVPN/SoftEtherVPN","2014-01-02 12:40:57","607","6224"
"MarlinFirmware/Marlin","https://github.com/MarlinFirmware/Marlin","2011-08-13 08:07:20","749","6216"
"raspberrypi/linux","https://github.com/raspberrypi/linux","2012-01-17 12:10:20","722","6179"
"bingoogolapple/BGAQRCode-Android","https://github.com/bingoogolapple/BGAQRCode-Android","2014-12-23 15:40:12","197","6112"
"jgamblin/Mirai-Source-Code","https://github.com/jgamblin/Mirai-Source-Code","2016-10-02 23:43:47","524","6050"
"postgres/postgres","https://github.com/postgres/postgres","2010-09-21 11:35:45","430","6028"
"deepmind/lab","https://github.com/deepmind/lab","2016-11-30 13:41:26","510","5997"
"cesanta/mongoose","https://github.com/cesanta/mongoose","2012-08-14 15:09:51","469","5854"
"nodemcu/nodemcu-firmware","https://github.com/nodemcu/nodemcu-firmware","2014-11-20 15:06:45","564","5717"
"systemd/systemd","https://github.com/systemd/systemd","2015-03-25 15:27:27","337","5712"
"glfw/glfw","https://github.com/glfw/glfw","2013-04-18 15:24:53","368","5640"
"spacehuhn/esp8266_deauther","https://github.com/spacehuhn/esp8266_deauther","2017-01-07 13:39:23","394","5637"
"huangz1990/redis-3.0-annotated","https://github.com/huangz1990/redis-3.0-annotated","2014-06-28 02:40:10","534","5618"
"rofl0r/proxychains-ng","https://github.com/rofl0r/proxychains-ng","2011-09-03 22:54:51","204","5554"
"machyve/xhyve","https://github.com/machyve/xhyve","2015-06-10 04:45:42","212","5547"
"microsoft/winfile","https://github.com/microsoft/winfile","2018-04-02 17:27:37","237","5534"
"libevent/libevent","https://github.com/libevent/libevent","2011-06-06 21:42:50","470","5522"
"borgbackup/borg","https://github.com/borgbackup/borg","2015-05-12 23:10:47","169","5521"
"happyfish100/fastdfs","https://github.com/happyfish100/fastdfs","2013-07-04 14:01:35","501","5496"
"rswier/c4","https://github.com/rswier/c4","2014-11-04 17:57:29","294","5469"
"videolan/vlc","https://github.com/videolan/vlc","2012-01-29 19:30:36","489","5449"
"qmk/qmk_firmware","https://github.com/qmk/qmk_firmware","2014-12-08 22:02:05","192","5416"
"pwn20wndstuff/Undecimus","https://github.com/pwn20wndstuff/Undecimus","2018-09-06 12:07:10","367","5320"
"beanstalkd/beanstalkd","https://github.com/beanstalkd/beanstalkd","2008-03-31 20:20:41","286","5318"
"b4winckler/macvim","https://github.com/b4winckler/macvim","2010-05-29 16:38:11","106","5236"
"HandBrake/HandBrake","https://github.com/HandBrake/HandBrake","2015-08-22 16:32:28","237","5179"
"coolsnowwolf/lede","https://github.com/coolsnowwolf/lede","2017-09-06 07:39:03","337","5169"
"Tencent/xLua","https://github.com/Tencent/xLua","2016-12-07 07:29:07","502","5084"
"lpereira/lwan","https://github.com/lpereira/lwan","2012-01-28 00:48:12","307","5076"
"mjolnirapp/mjolnir","https://github.com/mjolnirapp/mjolnir","2014-06-19 12:10:55","88","5054"
"nodejs/http-parser","https://github.com/nodejs/http-parser","2009-04-27 15:09:51","348","5053"
"AppImage/AppImageKit","https://github.com/AppImage/AppImageKit","2013-04-14 20:53:12","173","5042"
"zserge/webview","https://github.com/zserge/webview","2017-08-19 08:26:00","189","5023"
"davatorium/rofi","https://github.com/davatorium/rofi","2013-01-20 11:54:45","87","5014"
"orangeduck/Cello","https://github.com/orangeduck/Cello","2012-07-18 19:08:47","248","4991"
"zfsonlinux/zfs","https://github.com/zfsonlinux/zfs","2009-12-14 20:20:34","467","4939"
"i3/i3","https://github.com/i3/i3","2015-02-04 09:23:51","170","4926"
"fulldecent/system-bus-radio","https://github.com/fulldecent/system-bus-radio","2016-02-29 21:48:56","169","4891"
"openwrt/openwrt","https://github.com/openwrt/openwrt","2015-11-09 07:13:55","423","4846"
"nanomsg/nanomsg","https://github.com/nanomsg/nanomsg","2012-10-10 08:32:14","462","4790"
"offensive-security/exploitdb","https://github.com/offensive-security/exploitdb","2013-12-03 18:50:07","676","4785"
"Xfennec/progress","https://github.com/Xfennec/progress","2013-11-22 15:25:33","126","4777"
"google/oss-fuzz","https://github.com/google/oss-fuzz","2016-07-20 19:39:50","221","4735"
"philipl/pifs","https://github.com/philipl/pifs","2012-04-01 02:56:52","181","4722"
"id-Software/DOOM","https://github.com/id-Software/DOOM","2012-01-31 21:28:06","280","4704"
"go-vgo/robotgo","https://github.com/go-vgo/robotgo","2016-09-26 16:26:56","197","4678"
"tbodt/ish","https://github.com/tbodt/ish","2017-05-05 00:10:35","120","4629"
"google/ios-webkit-debug-proxy","https://github.com/google/ios-webkit-debug-proxy","2013-02-12 19:08:19","186","4609"
"freebsd/freebsd","https://github.com/freebsd/freebsd","2011-09-05 12:55:55","485","4599"
"vysheng/tg","https://github.com/vysheng/tg","2013-10-03 12:35:05","242","4574"
"chrismaltby/gb-studio","https://github.com/chrismaltby/gb-studio","2019-04-17 13:14:32","90","4548"
"hishamhm/htop","https://github.com/hishamhm/htop","2014-01-13 22:58:20","136","4533"
"bartobri/no-more-secrets","https://github.com/bartobri/no-more-secrets","2016-04-04 20:41:05","123","4523"
"leandromoreira/ffmpeg-libav-tutorial","https://github.com/leandromoreira/ffmpeg-libav-tutorial","2017-11-06 23:40:18","229","4515"
"id-Software/Quake-III-Arena","https://github.com/id-Software/Quake-III-Arena","2012-01-31 19:39:13","298","4512"
"lz4/lz4","https://github.com/lz4/lz4","2014-03-25 15:52:21","216","4504"
"rui314/8cc","https://github.com/rui314/8cc","2012-02-28 06:01:01","245","4502"
"upx/upx","https://github.com/upx/upx","2016-08-31 11:23:13","207","4499"
"mruby/mruby","https://github.com/mruby/mruby","2012-04-19 09:11:15","276","4491"
"jedisct1/dsvpn","https://github.com/jedisct1/dsvpn","2019-07-17 17:19:19","115","4491"
"pervognsen/bitwise","https://github.com/pervognsen/bitwise","2018-03-10 04:49:11","427","4484"
"vmg/redcarpet","https://github.com/vmg/redcarpet","2011-03-24 22:05:14","107","4483"
"jemalloc/jemalloc","https://github.com/jemalloc/jemalloc","2013-10-03 21:37:32","304","4404"
"matz/streem","https://github.com/matz/streem","2014-12-11 08:07:50","401","4386"
"coolwanglu/vim.js","https://github.com/coolwanglu/vim.js","2013-11-30 07:21:39","150","4375"
"jonls/redshift","https://github.com/jonls/redshift","2012-12-20 13:42:26","109","4309"
"ZipArchive/ZipArchive","https://github.com/ZipArchive/ZipArchive","2010-08-19 20:28:21","157","4305"
"antirez/kilo","https://github.com/antirez/kilo","2016-07-10 10:50:21","152","4301"
"OpenVPN/openvpn","https://github.com/OpenVPN/openvpn","2012-04-26 20:42:48","364","4262"
"sumatrapdfreader/sumatrapdf","https://github.com/sumatrapdfreader/sumatrapdf","2012-10-02 06:59:55","278","4236"
"stanfordnlp/GloVe","https://github.com/stanfordnlp/GloVe","2015-09-01 17:21:18","225","4227"
"Qihoo360/Atlas","https://github.com/Qihoo360/Atlas","2013-12-18 10:14:57","551","4166"
"nonstriater/Learn-Algorithms","https://github.com/nonstriater/Learn-Algorithms","2014-05-05 11:35:04","314","4143"
"espressif/esp-idf","https://github.com/espressif/esp-idf","2016-08-17 10:40:35","437","4099"
"redis/hiredis","https://github.com/redis/hiredis","2010-05-18 15:10:01","306","4091"
"laruence/yaf","https://github.com/laruence/yaf","2011-12-13 08:56:42","478","4061"
"EZLippi/Tinyhttpd","https://github.com/EZLippi/Tinyhttpd","2015-05-20 06:44:01","271","4055"
"espressif/arduino-esp32","https://github.com/espressif/arduino-esp32","2016-10-06 06:04:20","397","4050"
"Provenance-Emu/Provenance","https://github.com/Provenance-Emu/Provenance","2013-08-27 20:34:36","234","4030"
"Meituan-Dianping/SQLAdvisor","https://github.com/Meituan-Dianping/SQLAdvisor","2017-03-01 07:01:17","306","3998"
"cinder/Cinder","https://github.com/cinder/Cinder","2010-04-21 19:03:10","294","3978"
"gali8/Tesseract-OCR-iOS","https://github.com/gali8/Tesseract-OCR-iOS","2013-04-30 10:38:14","196","3947"
"cstack/db_tutorial","https://github.com/cstack/db_tutorial","2017-08-31 17:56:02","186","3939"
"pocoproject/poco","https://github.com/pocoproject/poco","2012-10-24 19:39:16","401","3915"
"Airblader/i3","https://github.com/Airblader/i3","2014-11-21 18:43:05","131","3912"
"aquynh/capstone","https://github.com/aquynh/capstone","2013-11-27 02:32:11","282","3885"
"citusdata/citus","https://github.com/citusdata/citus","2016-02-01 21:58:39","177","3860"
"mozilla/mozjpeg","https://github.com/mozilla/mozjpeg","2014-01-12 06:25:02","176","3824"
"sqlcipher/sqlcipher","https://github.com/sqlcipher/sqlcipher","2008-07-30 17:20:41","240","3815"
"krallin/tini","https://github.com/krallin/tini","2015-02-27 18:13:59","95","3801"
"jerryscript-project/jerryscript","https://github.com/jerryscript-project/jerryscript","2015-04-03 01:10:31","169","3789"
"libretro/RetroArch","https://github.com/libretro/RetroArch","2010-05-27 14:47:40","247","3769"
"IAIK/meltdown","https://github.com/IAIK/meltdown","2018-01-03 09:42:18","158","3729"
"fastos/fastsocket","https://github.com/fastos/fastsocket","2014-06-24 08:03:52","434","3722"
"kbengine/kbengine","https://github.com/kbengine/kbengine","2014-02-17 09:12:15","546","3705"
"edenhill/librdkafka","https://github.com/edenhill/librdkafka","2012-09-19 10:14:00","282","3703"
"wren-lang/wren","https://github.com/wren-lang/wren","2013-11-19 00:43:45","151","3700"
"darlinghq/darling","https://github.com/darlinghq/darling","2012-12-09 10:31:44","205","3699"
"erincatto/Box2D","https://github.com/erincatto/Box2D","2015-03-14 16:52:46","262","3651"
"coturn/coturn","https://github.com/coturn/coturn","2015-07-17 08:15:16","268","3649"
"apple/swift-corelibs-foundation","https://github.com/apple/swift-corelibs-foundation","2015-11-09 20:12:23","264","3642"
"facebook/fishhook","https://github.com/facebook/fishhook","2013-07-11 20:12:26","180","3632"
"greenplum-db/gpdb","https://github.com/greenplum-db/gpdb","2015-10-23 00:25:17","426","3626"
"libvips/libvips","https://github.com/libvips/libvips","2011-01-25 13:15:00","111","3625"
"JoeDog/siege","https://github.com/JoeDog/siege","2014-09-26 16:33:59","103","3622"
"DaveGamble/cJSON","https://github.com/DaveGamble/cJSON","2016-03-19 18:22:54","238","3620"
"mattn/go-sqlite3","https://github.com/mattn/go-sqlite3","2011-11-11 12:36:50","128","3613"
"RT-Thread/rt-thread","https://github.com/RT-Thread/rt-thread","2013-01-02 14:49:21","486","3611"
"FreeRDP/FreeRDP","https://github.com/FreeRDP/FreeRDP","2011-06-30 19:14:15","326","3611"
"LiteOS/LiteOS","https://github.com/LiteOS/LiteOS","2016-09-11 14:25:51","342","3606"
"Atmosphere-NX/Atmosphere","https://github.com/Atmosphere-NX/Atmosphere","2018-01-18 07:36:33","426","3600"
"begeekmyfriend/yasea","https://github.com/begeekmyfriend/yasea","2016-04-06 13:37:53","254","3586"
"visit1985/mdp","https://github.com/visit1985/mdp","2014-09-14 13:18:50","71","3583"
"SecWiki/windows-kernel-exploits","https://github.com/SecWiki/windows-kernel-exploits","2017-04-25 04:02:31","331","3580"
"wishstudio/flinux","https://github.com/wishstudio/flinux","2014-07-11 14:39:36","237","3551"
"awslabs/s2n","https://github.com/awslabs/s2n","2014-06-27 19:37:59","178","3543"
"microsoft/mimalloc","https://github.com/microsoft/mimalloc","2019-06-19 21:14:44","95","3523"
"nmap/nmap","https://github.com/nmap/nmap","2012-03-09 14:47:43","303","3515"
"cmus/cmus","https://github.com/cmus/cmus","2012-12-29 10:05:50","118","3494"
"hak5darren/USB-Rubber-Ducky","https://github.com/hak5darren/USB-Rubber-Ducky","2012-02-04 00:52:41","525","3467"
"RPISEC/MBE","https://github.com/RPISEC/MBE","2015-06-20 20:12:04","310","3453"
"Tencent/TencentOS-tiny","https://github.com/Tencent/TencentOS-tiny","2019-08-23 08:29:59","203","3424"
"transmission/transmission","https://github.com/transmission/transmission","2015-05-05 23:53:02","162","3415"
"nelhage/reptyr","https://github.com/nelhage/reptyr","2011-01-14 00:33:50","93","3412"
"session-replay-tools/tcpcopy","https://github.com/session-replay-tools/tcpcopy","2011-10-14 08:15:19","379","3411"
"Cyan4973/xxHash","https://github.com/Cyan4973/xxHash","2014-04-30 23:32:49","132","3409"
"shellphish/how2heap","https://github.com/shellphish/how2heap","2016-01-20 01:24:33","236","3408"
"krakjoe/pthreads","https://github.com/krakjoe/pthreads","2012-08-28 17:57:40","224","3331"
"joyent/libuv","https://github.com/joyent/libuv","2011-03-29 21:10:45","248","3325"
"CyC2018/CS-Notes","https://github.com/CyC2018/CS-Notes","2018-02-13 14:56:24","4227","83188"
"Snailclimb/JavaGuide","https://github.com/Snailclimb/JavaGuide","2018-05-07 13:27:00","3310","61443"
"iluwatar/java-design-patterns","https://github.com/iluwatar/java-design-patterns","2014-08-09 16:45:18","3900","52844"
"elastic/elasticsearch","https://github.com/elastic/elasticsearch","2010-02-08 13:20:56","2791","45471"
"MisterBooo/LeetCodeAnimation","https://github.com/MisterBooo/LeetCodeAnimation","2018-12-06 08:01:22","2031","44387"
"spring-projects/spring-boot","https://github.com/spring-projects/spring-boot","2012-10-19 15:02:57","3326","43445"
"kdn251/interviews","https://github.com/kdn251/interviews","2017-02-14 18:19:25","2272","40303"
"PhilJay/MPAndroidChart","https://github.com/PhilJay/MPAndroidChart","2014-04-25 14:29:47","1120","29138"
"bumptech/glide","https://github.com/bumptech/glide","2013-07-08 22:52:33","1064","27689"
"airbnb/lottie-android","https://github.com/airbnb/lottie-android","2016-10-06 22:42:42","840","27430"
"macrozheng/mall","https://github.com/macrozheng/mall","2018-04-04 01:11:44","1332","25054"
"zxing/zxing","https://github.com/zxing/zxing","2011-10-12 14:07:27","1672","24124"
"crossoverJie/JCSprout","https://github.com/crossoverJie/JCSprout","2017-12-17 09:06:50","1607","22999"
"greenrobot/EventBus","https://github.com/greenrobot/EventBus","2012-07-16 16:55:40","1118","21852"
"skylot/jadx","https://github.com/skylot/jadx","2013-03-18 17:08:21","685","20494"
"alibaba/fastjson","https://github.com/alibaba/fastjson","2011-11-03 06:58:52","1337","19902"
"TheAlgorithms/Java","https://github.com/TheAlgorithms/Java","2016-07-16 10:21:02","1238","19569"
"ityouknow/spring-boot-examples","https://github.com/ityouknow/spring-boot-examples","2016-11-05 05:32:33","1159","19558"
"alibaba/druid","https://github.com/alibaba/druid","2011-11-03 05:12:51","1761","19340"
"scwang90/SmartRefreshLayout","https://github.com/scwang90/SmartRefreshLayout","2017-06-02 09:52:50","499","19290"
"CymChad/BaseRecyclerViewAdapterHelper","https://github.com/CymChad/BaseRecyclerViewAdapterHelper","2016-04-10 07:40:11","539","18765"
"ReactiveX/RxAndroid","https://github.com/ReactiveX/RxAndroid","2014-08-19 03:46:38","1050","18618"
"NationalSecurityAgency/ghidra","https://github.com/NationalSecurityAgency/ghidra","2019-03-01 03:27:48","748","18237"
"eugenp/tutorials","https://github.com/eugenp/tutorials","2013-04-29 18:26:36","1348","18103"
"alibaba/arthas","https://github.com/alibaba/arthas","2018-08-29 17:15:57","981","17856"
"nostra13/Android-Universal-Image-Loader","https://github.com/nostra13/Android-Universal-Image-Loader","2011-11-27 18:48:23","1397","16630"
"libgdx/libgdx","https://github.com/libgdx/libgdx","2012-08-10 19:34:38","1293","16148"
"SeleniumHQ/selenium","https://github.com/SeleniumHQ/selenium","2013-01-14 21:40:56","1306","16142"
"chrisbanes/PhotoView","https://github.com/chrisbanes/PhotoView","2012-07-17 16:39:00","661","16110"
"shuzheng/zheng","https://github.com/shuzheng/zheng","2016-10-04 10:07:06","1497","14584"
"NationalSecurityAgency/ghidra","https://github.com/NationalSecurityAgency/ghidra","2019-03-01 03:27:48","748","18237"
"eugenp/tutorials","https://github.com/eugenp/tutorials","2013-04-29 18:26:36","1348","18103"
"alibaba/arthas","https://github.com/alibaba/arthas","2018-08-29 17:15:57","981","17856"
"square/picasso","https://github.com/square/picasso","2013-05-14 15:07:47","931","17146"
"google/gson","https://github.com/google/gson","2015-03-19 18:21:20","734","16844"
"nostra13/Android-Universal-Image-Loader","https://github.com/nostra13/Android-Universal-Image-Loader","2011-11-27 18:48:23","1397","16630"
"hankcs/HanLP","https://github.com/hankcs/HanLP","2014-10-09 06:36:16","1026","16497"
"libgdx/libgdx","https://github.com/libgdx/libgdx","2012-08-10 19:34:38","1293","16148"
"SeleniumHQ/selenium","https://github.com/SeleniumHQ/selenium","2013-01-14 21:40:56","1306","16142"
"chrisbanes/PhotoView","https://github.com/chrisbanes/PhotoView","2012-07-17 16:39:00","661","16110"
"shuzheng/zheng","https://github.com/shuzheng/zheng","2016-10-04 10:07:06","1497","14584"
"Tencent/tinker","https://github.com/Tencent/tinker","2016-09-06 06:57:52","722","14425"
"google/ExoPlayer","https://github.com/google/ExoPlayer","2014-06-13 21:19:18","839","14375"
"jenkinsci/jenkins","https://github.com/jenkinsci/jenkins","2010-11-22 21:21:23","908","14343"
"apache/kafka","https://github.com/apache/kafka","2011-08-15 18:06:16","1045","14183"
"android10/Android-CleanArchitecture","https://github.com/android10/Android-CleanArchitecture","2014-08-19 14:09:26","868","13926"
"bazelbuild/bazel","https://github.com/bazelbuild/bazel","2014-06-12 16:00:38","569","13582"
"b3log/solo","https://github.com/b3log/solo","2012-04-10 02:08:05","566","13135"
"lgvalle/Material-Animations","https://github.com/lgvalle/Material-Animations","2015-03-08 20:54:00","531","13083"
"b3log/symphony","https://github.com/b3log/symphony","2012-07-05 06:09:54","466","13055"
"DrKLO/Telegram","https://github.com/DrKLO/Telegram","2013-10-25 14:08:10","1015","12738"
"seata/seata","https://github.com/seata/seata","2018-12-28 08:37:22","771","12611"
"hdodenhof/CircleImageView","https://github.com/hdodenhof/CircleImageView","2014-01-17 16:44:46","410","12518"
"winterbe/java8-tutorial","https://github.com/winterbe/java8-tutorial","2014-03-16 17:25:43","915","12390"
"CarGuo/GSYVideoPlayer","https://github.com/CarGuo/GSYVideoPlayer","2016-11-13 12:34:31","361","12307"
"mybatis/mybatis-3","https://github.com/mybatis/mybatis-3","2013-02-14 19:03:32","1175","12241"
"signalapp/Signal-Android","https://github.com/signalapp/Signal-Android","2011-12-15 20:01:12","730","12154"
"EnterpriseQualityCoding/FizzBuzzEnterpriseEdition","https://github.com/EnterpriseQualityCoding/FizzBuzzEnterpriseEdition","2012-11-24 00:14:41","182","12051"
"dianping/cat","https://github.com/dianping/cat","2012-12-05 02:31:48","1095","12038"
"openzipkin/zipkin","https://github.com/openzipkin/zipkin","2012-06-06 18:26:16","725","12001"
"qiurunze123/miaosha","https://github.com/qiurunze123/miaosha","2018-09-14 04:36:24","545","11454"
"eclipse/deeplearning4j","https://github.com/eclipse/deeplearning4j","2013-11-27 02:03:28","841","11315"
"redisson/redisson","https://github.com/redisson/redisson","2014-01-11 14:06:25","812","11234"
"apache/skywalking","https://github.com/apache/skywalking","2015-11-07 03:30:36","726","11226"
"jfeinstein10/SlidingMenu","https://github.com/jfeinstein10/SlidingMenu","2012-06-30 05:14:23","1015","11206"
"dbeaver/dbeaver","https://github.com/dbeaver/dbeaver","2015-10-21 08:26:28","391","11119"
"alibaba/easyexcel","https://github.com/alibaba/easyexcel","2018-02-06 03:14:08","460","11106"
"apache/flink","https://github.com/apache/flink","2014-06-07 07:00:10","810","11072"
"alibaba/ARouter","https://github.com/alibaba/ARouter","2016-12-14 01:27:49","347","11063"
"xuxueli/xxl-job","https://github.com/xuxueli/xxl-job","2015-11-28 12:59:34","784","10998"
"Bigkoo/Android-PickerView","https://github.com/Bigkoo/Android-PickerView","2014-12-28 01:46:38","297","10988"
"Curzibn/Luban","https://github.com/Curzibn/Luban","2016-07-24 07:43:21","330","10986"
"daimajia/AndroidViewAnimations","https://github.com/daimajia/AndroidViewAnimations","2014-06-23 03:53:13","457","10980"
"oracle/graal","https://github.com/oracle/graal","2016-01-14 17:11:35","413","10955"
"androidannotations/androidannotations","https://github.com/androidannotations/androidannotations","2012-01-06 08:48:03","688","10942"
"Konloch/bytecode-viewer","https://github.com/Konloch/bytecode-viewer","2014-10-14 10:26:46","360","10695"
"eclipse-vertx/vert.x","https://github.com/eclipse-vertx/vert.x","2011-06-17 14:54:55","613","10452"
"wuyouzhuguli/SpringAll","https://github.com/wuyouzhuguli/SpringAll","2018-05-02 02:48:44","500","10449"
"zhihu/Matisse","https://github.com/zhihu/Matisse","2017-04-13 01:31:05","222","10421"
"Tencent/VasSonic","https://github.com/Tencent/VasSonic","2017-08-01 08:35:13","375","10394"
"alibaba/spring-cloud-alibaba","https://github.com/alibaba/spring-cloud-alibaba","2017-12-01 20:49:15","708","10316"
"JakeWharton/ViewPagerIndicator","https://github.com/JakeWharton/ViewPagerIndicator","2011-08-04 17:13:44","704","10184"
"Tamsiree/RxTool","https://github.com/Tamsiree/RxTool","2016-09-24 09:30:45","399","10146"
"linlinjava/litemall","https://github.com/linlinjava/litemall","2018-03-22 16:42:30","575","10083"
"alibaba/vlayout","https://github.com/alibaba/vlayout","2017-02-27 08:11:47","345","9963"
"lipangit/JiaoZiVideoPlayer","https://github.com/lipangit/JiaoZiVideoPlayer","2016-02-06 11:04:24","319","9906"
"prestodb/presto","https://github.com/prestodb/presto","2012-08-09 01:03:37","879","9874"
"apache/hadoop","https://github.com/apache/hadoop","2014-08-28 07:00:08","1039","9835"
"alibaba/Sentinel","https://github.com/alibaba/Sentinel","2018-04-04 06:37:33","617","9756"
"halo-dev/halo","https://github.com/halo-dev/halo","2018-03-21 12:56:52","268","9695"
"permissions-dispatcher/PermissionsDispatcher","https://github.com/permissions-dispatcher/PermissionsDispatcher","2015-08-15 21:41:05","276","9553"
"hollischuang/toBeTopJavaer","https://github.com/hollischuang/toBeTopJavaer","2018-10-25 09:54:54","465","9506"
"ksoichiro/Android-ObservableScrollView","https://github.com/ksoichiro/Android-ObservableScrollView","2014-11-08 14:45:20","416","9485"
"apache/rocketmq","https://github.com/apache/rocketmq","2016-11-30 08:00:08","783","9462"
"pockethub/PocketHub","https://github.com/pockethub/PocketHub","2011-09-08 16:52:50","973","9438"
"Tencent/QMUI_Android","https://github.com/Tencent/QMUI_Android","2017-04-21 10:03:18","264","9388"
"H07000223/FlycoTabLayout","https://github.com/H07000223/FlycoTabLayout","2015-11-09 01:53:19","226","9322"
"apache/incubator-shardingsphere","https://github.com/apache/incubator-shardingsphere","2016-01-18 12:49:26","922","9291"
"alibaba/nacos","https://github.com/alibaba/nacos","2018-06-15 06:49:27","664","9271"
"YoKeyword/Fragmentation","https://github.com/YoKeyword/Fragmentation","2016-02-23 08:54:55","308","9211"
"tbruyelle/RxPermissions","https://github.com/tbruyelle/RxPermissions","2015-09-29 13:55:09","220","9177"
"iBotPeaches/Apktool","https://github.com/iBotPeaches/Apktool","2012-03-19 17:46:53","585","9104"
"navasmdc/MaterialDesignLibrary","https://github.com/navasmdc/MaterialDesignLibrary","2014-09-30 07:37:17","539","9095"
"youth5201314/banner","https://github.com/youth5201314/banner","2016-04-22 05:50:25","211","9093"
"nathanmarz/storm","https://github.com/nathanmarz/storm","2011-09-17 07:55:13","1076","9036"
"81813780/AVLoadingIndicatorView","https://github.com/81813780/AVLoadingIndicatorView","2015-10-24 20:18:33","258","9010"
"JessYanCoding/MVPArms","https://github.com/JessYanCoding/MVPArms","2016-08-06 08:49:56","320","8998"
"aosp-mirror/platform_frameworks_base","https://github.com/aosp-mirror/platform_frameworks_base","2008-10-21 18:20:37","890","8875"
"apache/incubator-druid","https://github.com/apache/incubator-druid","2012-10-23 19:08:07","624","8860"
"chrisbanes/Android-PullToRefresh","https://github.com/chrisbanes/Android-PullToRefresh","2011-11-29 09:59:56","992","8830"
"google/guice","https://github.com/google/guice","2014-05-28 23:18:53","570","8732"
"umano/AndroidSlidingUpPanel","https://github.com/umano/AndroidSlidingUpPanel","2013-05-31 18:33:53","368","8718"
"xetorthio/jedis","https://github.com/xetorthio/jedis","2010-06-11 13:04:43","731","8674"
"Netflix/eureka","https://github.com/Netflix/eureka","2012-07-26 22:23:07","938","8622"
"google/tink","https://github.com/google/tink","2014-06-06 16:21:09","352","8618"
"material-components/material-components-android","https://github.com/material-components/material-components-android","2016-12-05 16:11:29","370","8576"
"rzwitserloot/lombok","https://github.com/rzwitserloot/lombok","2009-06-08 19:46:41","415","8560"
"code4craft/webmagic","https://github.com/code4craft/webmagic","2013-04-23 12:57:36","822","8557"
"perwendel/spark","https://github.com/perwendel/spark","2011-05-05 11:52:05","439","8547"
"android-hacker/VirtualXposed","https://github.com/android-hacker/VirtualXposed","2017-12-01 09:00:58","409","8490"
"iBotPeaches/Apktool","https://github.com/iBotPeaches/Apktool","2012-03-19 17:46:53","585","9105"
"navasmdc/MaterialDesignLibrary","https://github.com/navasmdc/MaterialDesignLibrary","2014-09-30 07:37:17","539","9095"
"youth5201314/banner","https://github.com/youth5201314/banner","2016-04-22 05:50:25","211","9093"
"lingochamp/FileDownloader","https://github.com/lingochamp/FileDownloader","2015-12-22 11:17:16","315","9067"
"nathanmarz/storm","https://github.com/nathanmarz/storm","2011-09-17 07:55:13","1076","9036"
"81813780/AVLoadingIndicatorView","https://github.com/81813780/AVLoadingIndicatorView","2015-10-24 20:18:33","258","9010"
"JessYanCoding/MVPArms","https://github.com/JessYanCoding/MVPArms","2016-08-06 08:49:56","320","8998"
"aosp-mirror/platform_frameworks_base","https://github.com/aosp-mirror/platform_frameworks_base","2008-10-21 18:20:37","890","8875"
"apache/incubator-druid","https://github.com/apache/incubator-druid","2012-10-23 19:08:07","624","8860"
"chrisbanes/Android-PullToRefresh","https://github.com/chrisbanes/Android-PullToRefresh","2011-11-29 09:59:56","992","8830"
"google/guice","https://github.com/google/guice","2014-05-28 23:18:53","570","8732"
"umano/AndroidSlidingUpPanel","https://github.com/umano/AndroidSlidingUpPanel","2013-05-31 18:33:53","368","8717"
"JessYanCoding/AndroidAutoSize","https://github.com/JessYanCoding/AndroidAutoSize","2018-08-17 09:04:19","162","8700"
"xetorthio/jedis","https://github.com/xetorthio/jedis","2010-06-11 13:04:43","731","8674"
"Netflix/eureka","https://github.com/Netflix/eureka","2012-07-26 22:23:07","938","8622"
"google/tink","https://github.com/google/tink","2014-06-06 16:21:09","352","8619"
"material-components/material-components-android","https://github.com/material-components/material-components-android","2016-12-05 16:11:29","370","8577"
"rzwitserloot/lombok","https://github.com/rzwitserloot/lombok","2009-06-08 19:46:41","415","8561"
"code4craft/webmagic","https://github.com/code4craft/webmagic","2013-04-23 12:57:36","822","8557"
"perwendel/spark","https://github.com/perwendel/spark","2011-05-05 11:52:05","439","8547"
"android-hacker/VirtualXposed","https://github.com/android-hacker/VirtualXposed","2017-12-01 09:00:58","409","8491"
"looly/hutool","https://github.com/looly/hutool","2014-04-13 07:23:51","395","8475"
"Netflix/zuul","https://github.com/Netflix/zuul","2013-03-13 18:53:57","862","8455"
"chrisjenx/Calligraphy","https://github.com/chrisjenx/Calligraphy","2013-12-20 02:35:45","223","8449"
"pagehelper/Mybatis-PageHelper","https://github.com/pagehelper/Mybatis-PageHelper","2014-06-09 15:32:30","506","8348"
"roughike/BottomBar","https://github.com/roughike/BottomBar","2016-03-16 01:31:05","255","8331"
"wasabeef/glide-transformations","https://github.com/wasabeef/glide-transformations","2015-01-09 10:33:29","196","8292"
"medcl/elasticsearch-analysis-ik","https://github.com/medcl/elasticsearch-analysis-ik","2011-12-16 09:01:45","545","8292"
"google/auto","https://github.com/google/auto","2013-05-22 21:41:56","385","8270"
"bilibili/DanmakuFlameMaster","https://github.com/bilibili/DanmakuFlameMaster","2013-08-11 12:18:50","402","8204"
"lionsoul2014/ip2region","https://github.com/lionsoul2014/ip2region","2015-11-02 00:43:13","372","7149"
"square/dagger","https://github.com/square/dagger","2012-08-02 23:25:32","444","7132"
"hackware1993/MagicIndicator","https://github.com/hackware1993/MagicIndicator","2016-06-26 08:20:43","144","7125"
"JakeWharton/hugo","https://github.com/JakeWharton/hugo","2013-11-25 09:16:40","256","7106"
"cymcsg/UltimateRecyclerView","https://github.com/cymcsg/UltimateRecyclerView","2015-01-28 02:27:45","304","7100"
"neo4j/neo4j","https://github.com/neo4j/neo4j","2012-11-12 08:46:15","471","7099"
"Bearded-Hen/Android-Bootstrap","https://github.com/Bearded-Hen/Android-Bootstrap","2013-11-01 15:36:17","395","7088"
"baomidou/mybatis-plus","https://github.com/baomidou/mybatis-plus","2016-08-18 10:06:53","398","7076"
"TeamNewPipe/NewPipe","https://github.com/TeamNewPipe/NewPipe","2015-09-03 23:39:26","297","6934"
"android/testing-samples","https://github.com/android/testing-samples","2014-10-11 03:51:27","478","6892"
"apereo/cas","https://github.com/apereo/cas","2011-09-09 01:36:42","597","6862"
"hs-web/hsweb-framework","https://github.com/hs-web/hsweb-framework","2016-01-18 03:51:39","748","6857"
"geeeeeeeeek/WeChatLuckyMoney","https://github.com/geeeeeeeeek/WeChatLuckyMoney","2015-09-30 16:11:20","453","6843"
"grpc/grpc-java","https://github.com/grpc/grpc-java","2014-12-08 19:00:00","540","6843"
"ben-manes/caffeine","https://github.com/ben-manes/caffeine","2014-12-13 08:45:11","356","6820"
"pedant/sweet-alert-dialog","https://github.com/pedant/sweet-alert-dialog","2014-10-19 09:24:09","274","6795"
"dropwizard/metrics","https://github.com/dropwizard/metrics","2010-02-26 19:44:42","417","6783"
"Blankj/awesome-java-leetcode","https://github.com/Blankj/awesome-java-leetcode","2017-04-17 15:51:41","346","6780"
"LitePalFramework/LitePal","https://github.com/LitePalFramework/LitePal","2013-02-20 03:20:07","297","6774"
"hongyangAndroid/okhttputils","https://github.com/hongyangAndroid/okhttputils","2015-08-17 14:53:29","420","6759"
"stanfordnlp/CoreNLP","https://github.com/stanfordnlp/CoreNLP","2013-06-27 21:13:49","528","6723"
"antlr/antlr4","https://github.com/antlr/antlr4","2010-02-04 01:36:28","333","6722"
"hongyangAndroid/AndroidAutoLayout","https://github.com/hongyangAndroid/AndroidAutoLayout","2015-11-19 02:09:11","348","6691"
"OpenRefine/OpenRefine","https://github.com/OpenRefine/OpenRefine","2012-10-15 02:22:48","516","6664"
"amitshekhariitbhu/Android-Debug-Database","https://github.com/amitshekhariitbhu/Android-Debug-Database","2016-11-16 14:20:24","180","6650"
"paascloud/paascloud-master","https://github.com/paascloud/paascloud-master","2018-03-17 05:40:43","442","6591"
"zaproxy/zaproxy","https://github.com/zaproxy/zaproxy","2015-06-03 16:55:01","385","6569"
"cats-oss/android-gpuimage","https://github.com/cats-oss/android-gpuimage","2012-10-04 08:11:58","377","6515"
"koush/AndroidAsync","https://github.com/koush/AndroidAsync","2012-08-24 07:27:04","421","6452"
"facebook/litho","https://github.com/facebook/litho","2017-01-27 03:59:11","183","6401"
"TeamNewPipe/NewPipe","https://github.com/TeamNewPipe/NewPipe","2015-09-03 23:39:26","297","6934"
"android/testing-samples","https://github.com/android/testing-samples","2014-10-11 03:51:27","478","6892"
"aritraroy/UltimateAndroidReference","https://github.com/aritraroy/UltimateAndroidReference","2017-04-10 07:28:27","395","6886"
"apereo/cas","https://github.com/apereo/cas","2011-09-09 01:36:42","597","6862"
"hs-web/hsweb-framework","https://github.com/hs-web/hsweb-framework","2016-01-18 03:51:39","748","6857"
"grpc/grpc-java","https://github.com/grpc/grpc-java","2014-12-08 19:00:00","540","6844"
"geeeeeeeeek/WeChatLuckyMoney","https://github.com/geeeeeeeeek/WeChatLuckyMoney","2015-09-30 16:11:20","453","6843"
"ben-manes/caffeine","https://github.com/ben-manes/caffeine","2014-12-13 08:45:11","356","6820"
"pedant/sweet-alert-dialog","https://github.com/pedant/sweet-alert-dialog","2014-10-19 09:24:09","274","6795"
"dropwizard/metrics","https://github.com/dropwizard/metrics","2010-02-26 19:44:42","417","6783"
"Blankj/awesome-java-leetcode","https://github.com/Blankj/awesome-java-leetcode","2017-04-17 15:51:41","346","6780"
"lecho/hellocharts-android","https://github.com/lecho/hellocharts-android","2014-10-12 09:12:37","279","6778"
"LitePalFramework/LitePal","https://github.com/LitePalFramework/LitePal","2013-02-20 03:20:07","297","6774"
"ybq/Android-SpinKit","https://github.com/ybq/Android-SpinKit","2016-03-20 08:40:51","175","6761"
"hongyangAndroid/okhttputils","https://github.com/hongyangAndroid/okhttputils","2015-08-17 14:53:29","420","6759"
"antlr/antlr4","https://github.com/antlr/antlr4","2010-02-04 01:36:28","333","6722"
"hongyangAndroid/AndroidAutoLayout","https://github.com/hongyangAndroid/AndroidAutoLayout","2015-11-19 02:09:11","348","6691"
"OpenRefine/OpenRefine","https://github.com/OpenRefine/OpenRefine","2012-10-15 02:22:48","516","6664"
"amitshekhariitbhu/Android-Debug-Database","https://github.com/amitshekhariitbhu/Android-Debug-Database","2016-11-16 14:20:24","180","6650"
"paascloud/paascloud-master","https://github.com/paascloud/paascloud-master","2018-03-17 05:40:43","442","6591"
"jgm/pandoc","https://github.com/jgm/pandoc","2010-03-20 20:34:23","497","17274"
"koalaman/shellcheck","https://github.com/koalaman/shellcheck","2012-11-17 03:15:11","390","17134"
"PostgREST/postgrest","https://github.com/PostgREST/postgrest","2014-06-13 00:23:00","348","13514"
"github/semantic","https://github.com/github/semantic","2019-03-15 14:54:00","153","6696"
"purescript/purescript","https://github.com/purescript/purescript","2013-09-30 05:29:23","194","6107"
"elm/compiler","https://github.com/elm/compiler","2012-04-19 06:24:43","238","5582"
"facebook/Haxl","https://github.com/facebook/Haxl","2014-04-02 20:10:58","227","3661"
"luna/luna","https://github.com/luna/luna","2016-12-16 17:23:37","108","3394"
"input-output-hk/cardano-sl","https://github.com/input-output-hk/cardano-sl","2016-10-14 13:44:38","411","3332"
"commercialhaskell/stack","https://github.com/commercialhaskell/stack","2015-04-29 20:56:42","106","3223"
"carp-lang/Carp","https://github.com/carp-lang/Carp","2016-01-11 12:54:09","97","3191"
"data61/fp-course","https://github.com/data61/fp-course","2013-01-03 00:13:31","140","3086"
"idris-lang/Idris-dev","https://github.com/idris-lang/Idris-dev","2011-09-14 16:55:49","138","3043"
"hadolint/hadolint","https://github.com/hadolint/hadolint","2015-11-15 20:20:58","41","2780"
"facebook/duckling","https://github.com/facebook/duckling","2017-03-02 01:45:50","82","2679"
"unisonweb/unison","https://github.com/unisonweb/unison","2015-05-06 14:53:49","130","2670"
"sdiehl/write-you-a-haskell","https://github.com/sdiehl/write-you-a-haskell","2015-01-05 13:44:54","199","2630"
"caiorss/Functional-Programming","https://github.com/caiorss/Functional-Programming","2015-02-10 15:07:42","106","2533"
"typelead/eta","https://github.com/typelead/eta","2016-04-07 11:25:02","96","2345"
"ghc/ghc","https://github.com/ghc/ghc","2011-04-02 19:39:34","150","2248"
"ghcjs/ghcjs","https://github.com/ghcjs/ghcjs","2010-08-19 16:32:40","92","2223"
"yesodweb/yesod","https://github.com/yesodweb/yesod","2009-06-27 22:54:51","106","2162"
"jaspervdj/hakyll","https://github.com/jaspervdj/hakyll","2009-12-02 12:45:28","56","2070"
"wireapp/wire-server","https://github.com/wireapp/wire-server","2017-02-14 10:42:59","109","2030"
"gibiansky/IHaskell","https://github.com/gibiansky/IHaskell","2013-08-26 07:16:09","48","2024"
"haskell/haskell-ide-engine","https://github.com/haskell/haskell-ide-engine","2015-10-22 06:59:33","104","2023"
"jameysharp/corrode","https://github.com/jameysharp/corrode","2016-05-05 21:12:52","70","1986"
"jgm/gitit","https://github.com/jgm/gitit","2008-11-07 07:38:49","85","1714"
"penrose/penrose","https://github.com/penrose/penrose","2016-09-22 04:47:19","53","1698"
"sdiehl/wiwinwlh","https://github.com/sdiehl/wiwinwlh","2014-03-31 00:33:36","94","1607"
"lamdu/lamdu","https://github.com/lamdu/lamdu","2011-10-20 21:13:43","70","1605"
"ekmett/lens","https://github.com/ekmett/lens","2012-07-25 22:00:42","75","1560"
"mikeizbicki/HLearn","https://github.com/mikeizbicki/HLearn","2012-07-18 00:08:33","146","1526"
"dmjio/miso","https://github.com/dmjio/miso","2016-06-26 04:28:54","44","1456"
"valderman/haste-compiler","https://github.com/valderman/haste-compiler","2012-01-26 10:23:30","57","1374"
"scotty-web/scotty","https://github.com/scotty-web/scotty","2011-12-30 22:43:27","40","1370"
"xmonad/xmonad","https://github.com/xmonad/xmonad","2015-08-22 15:58:45","86","1312"
"yi-editor/yi","https://github.com/yi-editor/yi","2011-02-06 21:16:54","65","1305"
"olivierverdier/zsh-git-prompt","https://github.com/olivierverdier/zsh-git-prompt","2010-04-29 18:05:24","42","1287"
"haskell-servant/servant","https://github.com/haskell-servant/servant","2014-12-02 15:58:17","65","1280"
"simonmichael/hledger","https://github.com/simonmichael/hledger","2013-04-08 16:41:47","47","1257"
"tensorflow/haskell","https://github.com/tensorflow/haskell","2016-10-16 03:40:47","77","1254"
"HuwCampbell/grenade","https://github.com/HuwCampbell/grenade","2016-06-23 12:04:52","60","1252"
"huangz1990/real-world-haskell-cn","https://github.com/huangz1990/real-world-haskell-cn","2012-10-19 16:07:47","114","1249"
"jaspervdj/patat","https://github.com/jaspervdj/patat","2016-09-23 09:37:28","24","1236"
"faylang/fay","https://github.com/faylang/fay","2012-07-21 15:26:38","76","1206"
"avh4/elm-format","https://github.com/avh4/elm-format","2015-09-13 00:09:34","31","1157"
"haskell/cabal","https://github.com/haskell/cabal","2012-03-15 12:53:38","75","1083"
"BurntSushi/erd","https://github.com/BurntSushi/erd","2013-10-26 17:12:42","37","1079"
"google/haskell-trainings","https://github.com/google/haskell-trainings","2019-01-23 10:10:14","67","1072"
"chrisdone/intero","https://github.com/chrisdone/intero","2014-10-19 16:29:25","52","1039"
"diku-dk/futhark","https://github.com/diku-dk/futhark","2013-02-01 15:07:26","53","1036"
"tweag/asterius","https://github.com/tweag/asterius","2017-11-20 13:18:05","54","1025"
"agda/agda","https://github.com/agda/agda","2015-08-08 17:51:48","55","1021"
"google/codeworld","https://github.com/google/codeworld","2014-06-19 21:56:15","63","1008"
"tidalcycles/Tidal","https://github.com/tidalcycles/Tidal","2010-09-09 11:00:10","80","998"
"quchen/articles","https://github.com/quchen/articles","2013-02-07 18:52:10","78","991"
"GaloisInc/HaLVM","https://github.com/GaloisInc/HaLVM","2012-03-29 22:39:16","88","973"
"hzlmn/haskell-must-watch","https://github.com/hzlmn/haskell-must-watch","2015-03-04 13:56:54","87","965"
"aviaviavi/toodles","https://github.com/aviaviavi/toodles","2018-09-21 23:49:17","23","940"
"tonymorris/fp-course","https://github.com/tonymorris/fp-course","2011-06-30 12:40:12","51","913"
"kitlang/kit","https://github.com/kitlang/kit","2018-08-03 22:22:58","41","897"
"leksah/leksah","https://github.com/leksah/leksah","2011-02-14 22:17:54","51","892"
"ndmitchell/hlint","https://github.com/ndmitchell/hlint","2013-07-23 08:43:40","26","883"
"bos/aeson","https://github.com/bos/aeson","2011-01-21 21:24:26","31","879"
"radicle-dev/radicle","https://github.com/radicle-dev/radicle","2018-05-17 08:50:33","27","864"
"joshuaclayton/unused","https://github.com/joshuaclayton/unused","2016-04-28 09:37:11","17","847"
"GaloisInc/cryptol","https://github.com/GaloisInc/cryptol","2014-04-17 22:29:10","74","829"
"jtdaugherty/brick","https://github.com/jtdaugherty/brick","2015-05-09 08:23:44","25","828"
"reflex-frp/reflex","https://github.com/reflex-frp/reflex","2014-11-09 20:27:01","65","801"
"elm-lang/elm-platform","https://github.com/elm-lang/elm-platform","2013-12-20 05:24:43","60","784"
"colah/ImplicitCAD","https://github.com/colah/ImplicitCAD","2011-10-21 22:02:27","52","775"
"aurapm/aura","https://github.com/aurapm/aura","2012-05-14 11:56:22","27","769"
"clash-lang/clash-compiler","https://github.com/clash-lang/clash-compiler","2013-07-04 09:29:15","53","762"
"sdiehl/kaleidoscope","https://github.com/sdiehl/kaleidoscope","2013-12-28 05:12:52","37","761"
"evincarofautumn/kitten","https://github.com/evincarofautumn/kitten","2011-12-20 04:17:17","63","751"
"uber/queryparser","https://github.com/uber/queryparser","2017-04-13 04:51:29","52","751"
"ndmitchell/ghcid","https://github.com/ndmitchell/ghcid","2014-09-26 22:01:52","17","749"
"oden-lang/oden","https://github.com/oden-lang/oden","2015-10-27 08:42:36","43","736"
"ucsd-progsys/liquidhaskell","https://github.com/ucsd-progsys/liquidhaskell","2012-09-22 15:06:55","22","723"
"Gabriel439/Haskell-Turtle-Library","https://github.com/Gabriel439/Haskell-Turtle-Library","2015-01-18 02:53:20","28","722"
"koka-lang/koka","https://github.com/koka-lang/koka","2016-12-08 23:00:37","24","709"
"DanielG/ghc-mod","https://github.com/DanielG/ghc-mod","2010-03-10 03:02:30","38","691"
"ajtulloch/dnngraph","https://github.com/ajtulloch/dnngraph","2015-02-15 03:11:12","37","689"
"egison/egison","https://github.com/egison/egison","2013-02-15 04:35:21","42","688"
"snoyberg/conduit","https://github.com/snoyberg/conduit","2011-12-11 04:55:45","30","682"
"awgn/cgrep","https://github.com/awgn/cgrep","2013-05-11 11:18:26","39","678"
"AccelerateHS/accelerate","https://github.com/AccelerateHS/accelerate","2011-04-08 02:50:11","43","655"
"smallhadroncollider/taskell","https://github.com/smallhadroncollider/taskell","2017-11-15 15:02:14","14","644"
"bos/stanford-cs240h","https://github.com/bos/stanford-cs240h","2011-09-28 05:38:49","51","637"
"jaspervdj/stylish-haskell","https://github.com/jaspervdj/stylish-haskell","2012-05-14 09:42:11","15","632"
"Gabriel439/bench","https://github.com/Gabriel439/bench","2016-03-20 06:35:02","11","630"
"haskell-distributed/distributed-process","https://github.com/haskell-distributed/distributed-process","2011-11-23 13:59:00","59","622"
"BinRoot/Haskell-Data-Analysis-Cookbook","https://github.com/BinRoot/Haskell-Data-Analysis-Cookbook","2014-05-21 07:03:51","64","607"
"aviaviavi/legion","https://github.com/aviaviavi/legion","2017-04-12 06:51:49","11","606"
"luna/luna-studio","https://github.com/luna/luna-studio","2017-01-13 13:51:54","27","598"
"z0w0/helm","https://github.com/z0w0/helm","2013-07-07 09:38:09","35","597"
"yesodweb/wai","https://github.com/yesodweb/wai","2010-01-17 15:44:09","33","594"
"kirel/detexify-hs-backend","https://github.com/kirel/detexify-hs-backend","2010-11-10 08:38:30","22","592"
"transient-haskell/transient","https://github.com/transient-haskell/transient","2014-11-17 13:10:18","32","592"
"matterhorn-chat/matterhorn","https://github.com/matterhorn-chat/matterhorn","2016-08-19 16:25:54","15","589"
"pcapriotti/optparse-applicative","https://github.com/pcapriotti/optparse-applicative","2012-05-11 17:09:52","13","586"
"ndmitchell/shake","https://github.com/ndmitchell/shake","2013-02-25 20:10:28","25","578"
"ChrisPenner/rasa","https://github.com/ChrisPenner/rasa","2016-11-08 18:59:51","24","578"
"agentm/project-m36","https://github.com/agentm/project-m36","2014-10-27 00:17:22","45","574"
"agrafix/Spock","https://github.com/agrafix/Spock","2013-09-05 19:29:55","20","574"
"2mol/pboy","https://github.com/2mol/pboy","2018-05-07 13:41:54","11","568"
"polysemy-research/polysemy","https://github.com/polysemy-research/polysemy","2019-02-13 20:53:25","32","563"
"dhall-lang/dhall-haskell","https://github.com/dhall-lang/dhall-haskell","2016-09-07 16:18:15","30","556"
"ollef/sixten","https://github.com/ollef/sixten","2017-10-19 18:44:48","34","550"
"mrkkrp/megaparsec","https://github.com/mrkkrp/megaparsec","2015-07-26 19:33:53","14","538"
"grin-compiler/grin","https://github.com/grin-compiler/grin","2017-06-23 20:18:06","34","539"
"hspec/hspec","https://github.com/hspec/hspec","2011-02-09 22:00:08","11","534"
"mattgreen/hython","https://github.com/mattgreen/hython","2014-07-16 19:11:46","20","532"
"tmspzz/Rome","https://github.com/tmspzz/Rome","2016-08-08 13:47:49","11","527"
"lspitzner/brittany","https://github.com/lspitzner/brittany","2016-07-24 21:21:20","26","518"
"snowleopard/alga","https://github.com/snowleopard/alga","2016-12-05 00:30:03","23","515"
"thoughtbot/carnival","https://github.com/thoughtbot/carnival","2014-01-31 22:14:32","50","512"
"commercialhaskell/rio","https://github.com/commercialhaskell/rio","2017-12-30 16:36:57","38","511"
"lettier/gifcurry","https://github.com/lettier/gifcurry","2016-01-13 05:37:43","19","507"
"haskell/parsec","https://github.com/haskell/parsec","2014-03-23 20:46:26","10","506"
"nick8325/quickcheck","https://github.com/nick8325/quickcheck","2012-07-28 22:50:15","32","504"
"rgleichman/glance","https://github.com/rgleichman/glance","2016-01-05 01:04:01","29","502"
"waymonad/waymonad","https://github.com/waymonad/waymonad","2017-09-15 07:49:55","41","495"
"haskoin/haskoin-core","https://github.com/haskoin/haskoin-core","2013-03-14 13:40:12","42","489"
"hedgehogqa/haskell-hedgehog","https://github.com/hedgehogqa/haskell-hedgehog","2017-03-15 21:57:18","22","484"
"thma/LtuPatternFactory","https://github.com/thma/LtuPatternFactory","2018-10-05 19:32:13","35","478"
"jagajaga/FP-Course-ITMO","https://github.com/jagajaga/FP-Course-ITMO","2015-09-01 17:20:07","32","476"
"fptudelft/FP101x-Content-2015","https://github.com/fptudelft/FP101x-Content-2015","2015-10-14 12:52:08","74","475"
"ThoughtWorksInc/DeepDarkFantasy","https://github.com/ThoughtWorksInc/DeepDarkFantasy","2016-09-21 11:02:51","57","462"
"chrisdone/hell","https://github.com/chrisdone/hell","2013-11-22 04:23:56","29","461"
"JakeWheat/intro_to_parsing","https://github.com/JakeWheat/intro_to_parsing","2013-12-31 12:18:05","13","459"
"forest-lang/forest-compiler","https://github.com/forest-lang/forest-compiler","2017-11-10 22:26:17","36","456"
"jaor/xmobar","https://github.com/jaor/xmobar","2010-12-05 19:35:25","22","455"
"tomjaguarpaw/haskell-opaleye","https://github.com/tomjaguarpaw/haskell-opaleye","2014-11-03 22:57:53","22","453"
"steveshogren/10-minute-vim-exercises","https://github.com/steveshogren/10-minute-vim-exercises","2016-10-13 11:23:12","17","452"
"qfpl/applied-fp-course","https://github.com/qfpl/applied-fp-course","2017-10-13 03:38:55","37","447"
"pushcx/hpffp-resources","https://github.com/pushcx/hpffp-resources","2015-11-16 21:10:15","30","445"
"kadena-io/juno","https://github.com/kadena-io/juno","2016-02-26 23:46:40","59","443"
"chrisdone/hindent","https://github.com/chrisdone/hindent","2014-08-24 15:16:00","15","440"
"ndmitchell/hoogle","https://github.com/ndmitchell/hoogle","2012-04-19 13:23:16","22","436"
"HeinrichApfelmus/reactive-banana","https://github.com/HeinrichApfelmus/reactive-banana","2011-01-15 20:19:26","35","431"
"adjoint-io/bulletproofs","https://github.com/adjoint-io/bulletproofs","2018-07-11 06:38:34","32","428"
"tweag/HaskellR","https://github.com/tweag/HaskellR","2013-11-28 10:13:50","46","426"
"andyarvanitis/purescript-native","https://github.com/andyarvanitis/purescript-native","2014-12-06 06:16:39","24","426"
"def-/time.gif","https://github.com/def-/time.gif","2017-08-11 17:54:44","6","425"
"google-research/dex-lang","https://github.com/google-research/dex-lang","2019-10-25 12:33:24","21","425"
"elm-lang/elm-reactor","https://github.com/elm-lang/elm-reactor","2014-04-19 00:00:04","32","424"
"composewell/streamly","https://github.com/composewell/streamly","2017-07-13 13:31:39","22","424"
"erebe/wstunnel","https://github.com/erebe/wstunnel","2016-05-14 23:58:43","12","419"
"snapframework/snap","https://github.com/snapframework/snap","2010-07-03 18:14:08","21","419"
"taffybar/taffybar","https://github.com/taffybar/taffybar","2011-08-12 06:10:24","19","417"
"vicfryzel/xmonad-config","https://github.com/vicfryzel/xmonad-config","2010-06-27 06:38:10","26","416"
"sleexyz/hylogen","https://github.com/sleexyz/hylogen","2016-03-29 06:01:11","24","415"
"gelisam/frp-zoo","https://github.com/gelisam/frp-zoo","2014-09-29 00:26:18","28","415"
"Gabriel439/Haskell-Pipes-Library","https://github.com/Gabriel439/Haskell-Pipes-Library","2012-01-08 23:53:01","33","412"
"feuerbach/tasty","https://github.com/feuerbach/tasty","2013-04-22 06:14:16","18","412"
"hasktorch/hasktorch","https://github.com/hasktorch/hasktorch","2017-09-09 21:50:59","29","409"
"alexwl/haskell-code-explorer","https://github.com/alexwl/haskell-code-explorer","2018-10-02 09:46:36","16","408"
"brendanhay/amazonka","https://github.com/brendanhay/amazonka","2013-08-03 07:08:22","25","407"
"bos/attoparsec","https://github.com/bos/attoparsec","2010-10-10 17:30:32","23","402"
"mortberg/cubicaltt","https://github.com/mortberg/cubicaltt","2015-02-26 13:27:28","48","398"
"chrisdone/jl","https://github.com/chrisdone/jl","2017-07-15 21:03:09","7","398"
"mikeizbicki/subhask","https://github.com/mikeizbicki/subhask","2014-04-18 00:54:47","40","389"
"sol/hpack","https://github.com/sol/hpack","2014-11-19 14:51:34","12","387"
"valderman/selda","https://github.com/valderman/selda","2017-04-08 21:15:10","15","386"
"davidbrewer/xmonad-ubuntu-conf","https://github.com/davidbrewer/xmonad-ubuntu-conf","2012-06-11 00:26:20","40","386"
"haskell-foundation/foundation","https://github.com/haskell-foundation/foundation","2016-05-07 13:48:40","28","385"
"tweag/sparkle","https://github.com/tweag/sparkle","2015-11-09 15:49:47","51","385"
"silkapp/rest","https://github.com/silkapp/rest","2014-04-04 14:22:27","25","384"
"ananthakumaran/webify","https://github.com/ananthakumaran/webify","2013-04-07 16:42:29","15","382"
"fused-effects/fused-effects","https://github.com/fused-effects/fused-effects","2018-10-02 16:51:27","24","380"
"crytic/echidna","https://github.com/crytic/echidna","2017-08-27 23:13:10","38","379"
"kowainik/summoner","https://github.com/kowainik/summoner","2017-08-18 22:18:39","15","377"
"mbrubeck/compleat","https://github.com/mbrubeck/compleat","2009-10-17 04:54:52","9","377"
"haskell-graphql/graphql-api","https://github.com/haskell-graphql/graphql-api","2016-10-12 09:06:17","17","377"
"bitemyapp/bloodhound","https://github.com/bitemyapp/bloodhound","2014-04-01 14:15:45","16","377"
"jbarrow/LambdaNet","https://github.com/jbarrow/LambdaNet","2014-11-14 20:05:28","44","376"
"kqr/gists","https://github.com/kqr/gists","2013-10-27 12:02:57","14","375"
"MaiaVictor/Caramel","https://github.com/MaiaVictor/Caramel","2015-09-27 22:12:46","14","369"
"adjoint-io/raft","https://github.com/adjoint-io/raft","2018-09-25 10:09:31","23","367"
"samtay/tetris","https://github.com/samtay/tetris","2017-06-13 03:48:49","11","365"
"erebe/greenclip","https://github.com/erebe/greenclip","2017-01-03 22:43:14","10","362"
"seagreen/Son","https://github.com/seagreen/Son","2017-01-31 21:34:31","10","359"
"kcsongor/generic-lens","https://github.com/kcsongor/generic-lens","2016-09-05 20:22:28","27","359"
"lierdakil/pandoc-crossref","https://github.com/lierdakil/pandoc-crossref","2015-03-19 20:51:47","14","356"
"LambdaHack/LambdaHack","https://github.com/LambdaHack/LambdaHack","2010-10-02 12:59:47","20","356"
"tweag/ormolu","https://github.com/tweag/ormolu","2018-11-25 12:16:23","29","354"
"owickstrom/komposition","https://github.com/owickstrom/komposition","2018-09-28 09:22:39","9","352"
"quchen/stgi","https://github.com/quchen/stgi","2016-03-31 17:57:55","20","351"
"write-you-a-scheme-v2/scheme","https://github.com/write-you-a-scheme-v2/scheme","2016-03-21 22:22:25","27","349"
"jpmorganchase/constellation","https://github.com/jpmorganchase/constellation","2016-11-14 06:27:55","49","348"
"theam/haskell-do","https://github.com/theam/haskell-do","2017-02-01 18:25:24","40","348"
"vincenthz/hs-tls","https://github.com/vincenthz/hs-tls","2010-09-09 21:41:49","24","348"
"alpacaaa/zero-bullshit-haskell","https://github.com/alpacaaa/zero-bullshit-haskell","2019-02-13 20:58:46","20","348"
"jepst/CloudHaskell","https://github.com/jepst/CloudHaskell","2011-02-14 15:37:42","29","346"
"nikita-volkov/hasql","https://github.com/nikita-volkov/hasql","2014-10-27 13:13:02","14","346"
"slovnicki/pLam","https://github.com/slovnicki/pLam","2017-08-05 15:32:04","7","345"
"bos/wreq","https://github.com/bos/wreq","2014-04-01 03:59:07","20","344"
"Gabriel439/Haskell-Morte-Library","https://github.com/Gabriel439/Haskell-Morte-Library","2014-08-27 04:23:55","24","343"
